Time Scale; Number of Packets; Total data (b); 
1.000000; 2277; 1714673; 
2.000000; 2293; 1731970; 
3.000000; 2516; 1889024; 
4.000000; 1996; 1498450; 
5.000000; 2934; 2195312; 
6.000000; 2693; 2009708; 
7.000000; 2442; 1829303; 
8.000000; 2758; 2054073; 
9.000000; 2784; 2097727; 
10.000000; 2101; 1577616; 
11.000000; 2724; 2032125; 
12.000000; 2578; 1933687; 
13.000000; 2997; 2246769; 
14.000000; 2389; 1790715; 
15.000000; 2761; 2069596; 
16.000000; 2759; 2070633; 
17.000000; 2720; 2049170; 
18.000000; 2539; 1901104; 
19.000000; 1905; 1432929; 
20.000000; 1986; 1491138; 
21.000000; 2562; 1927151; 
22.000000; 2446; 1828835; 
23.000000; 2042; 1538640; 
24.000000; 2721; 2036579; 
25.000000; 2783; 2079279; 
26.000000; 2541; 1911566; 
27.000000; 2528; 1900350; 
28.000000; 2031; 1534033; 
29.000000; 2968; 2217599; 
30.000000; 2991; 2252118; 
31.000000; 1840; 1375584; 
32.000000; 2426; 1812619; 
33.000000; 2380; 1780606; 
34.000000; 2580; 1931929; 
35.000000; 2099; 1571329; 
36.000000; 2485; 1858163; 
37.000000; 2766; 2066587; 
38.000000; 1968; 1470847; 
39.000000; 2454; 1841966; 
40.000000; 2730; 2040165; 
41.000000; 2666; 2000625; 
42.000000; 2909; 2176199; 
43.000000; 1844; 1385711; 
44.000000; 2761; 2066413; 
45.000000; 2585; 1959702; 
46.000000; 1827; 1371859; 
47.000000; 2713; 2026331; 
48.000000; 2476; 1847339; 
49.000000; 2060; 1546714; 
50.000000; 2051; 1527859; 
51.000000; 2519; 1893527; 
52.000000; 2075; 1551528; 
53.000000; 2000; 1500741; 
54.000000; 2374; 1785558; 
55.000000; 2966; 2234790; 
56.000000; 2542; 1914410; 
57.000000; 2873; 2158729; 
58.000000; 2290; 1704475; 
59.000000; 2434; 1811843; 
60.000000; 2367; 1777969; 
61.000000; 2816; 2123024; 
62.000000; 2707; 2018146; 
63.000000; 2870; 2163352; 
64.000000; 2350; 1758125; 
65.000000; 2398; 1810068; 
66.000000; 2784; 2078983; 
67.000000; 1823; 1375510; 
68.000000; 2145; 1616915; 
69.000000; 2900; 2175006; 
70.000000; 2806; 2099097; 
71.000000; 2444; 1832603; 
72.000000; 2856; 2138334; 
73.000000; 2850; 2131337; 
74.000000; 2741; 2052634; 
75.000000; 2439; 1841597; 
76.000000; 2213; 1659092; 
77.000000; 2058; 1537201; 
78.000000; 2062; 1541273; 
79.000000; 2300; 1728484; 
80.000000; 2281; 1701582; 
81.000000; 2396; 1790783; 
82.000000; 2276; 1710161; 
83.000000; 2371; 1774271; 
84.000000; 2946; 2205877; 
85.000000; 2874; 2162250; 
86.000000; 2321; 1738903; 
87.000000; 1882; 1411373; 
88.000000; 2897; 2167516; 
89.000000; 2228; 1654127; 
90.000000; 1949; 1457612; 
91.000000; 2990; 2230189; 
92.000000; 2593; 1930194; 
93.000000; 2974; 2237955; 
94.000000; 2242; 1675957; 
95.000000; 1962; 1477201; 
96.000000; 1977; 1484951; 
97.000000; 1849; 1394871; 
98.000000; 2037; 1528817; 
99.000000; 2537; 1904950; 
100.000000; 2873; 2162444; 
101.000000; 1897; 1418104; 
102.000000; 2271; 1697678; 
103.000000; 2468; 1854362; 
104.000000; 2568; 1937028; 
105.000000; 2989; 2241030; 
106.000000; 2651; 1981869; 
107.000000; 2394; 1784144; 
108.000000; 2873; 2164440; 
109.000000; 2543; 1908098; 
110.000000; 2015; 1503902; 
111.000000; 2465; 1854361; 
112.000000; 2907; 2183027; 
113.000000; 2243; 1678313; 
114.000000; 2881; 2153807; 
115.000000; 2218; 1663922; 
116.000000; 2676; 2012348; 
117.000000; 2455; 1842107; 
118.000000; 2175; 1635793; 
119.000000; 2720; 2041450; 
120.000000; 2715; 2031069; 
121.000000; 2305; 1733981; 
122.000000; 2943; 2207909; 
123.000000; 2709; 2033164; 
124.000000; 1872; 1404473; 
125.000000; 2605; 1952252; 
126.000000; 2288; 1722216; 
127.000000; 2169; 1634611; 
128.000000; 1998; 1492206; 
129.000000; 2670; 1998554; 
130.000000; 2136; 1588708; 
131.000000; 2524; 1909862; 
132.000000; 2108; 1576418; 
133.000000; 2018; 1515538; 
134.000000; 2184; 1645092; 
135.000000; 2975; 2224797; 
136.000000; 2370; 1772925; 
137.000000; 2326; 1735634; 
138.000000; 2596; 1939193; 
139.000000; 2063; 1540644; 
140.000000; 2572; 1927666; 
141.000000; 2569; 1930424; 
142.000000; 1925; 1438881; 
143.000000; 1836; 1370155; 
144.000000; 2845; 2122936; 
145.000000; 2396; 1801471; 
146.000000; 2557; 1915886; 
147.000000; 2154; 1602904; 
148.000000; 2002; 1498953; 
149.000000; 2538; 1897883; 
150.000000; 1861; 1394006; 
151.000000; 1926; 1442341; 
152.000000; 2262; 1702003; 
153.000000; 2189; 1643098; 
154.000000; 2958; 2214731; 
155.000000; 2902; 2156113; 
156.000000; 2589; 1948002; 
157.000000; 2902; 2175399; 
158.000000; 2450; 1830764; 
159.000000; 2292; 1708680; 
160.000000; 2486; 1858133; 
161.000000; 2386; 1787060; 
162.000000; 2212; 1658136; 
163.000000; 2704; 2029724; 
164.000000; 1943; 1454449; 
165.000000; 2809; 2119259; 
166.000000; 1836; 1386510; 
167.000000; 2081; 1564746; 
168.000000; 2038; 1542629; 
169.000000; 2505; 1884556; 
170.000000; 2184; 1647840; 
171.000000; 1883; 1412243; 
172.000000; 2986; 2245069; 
173.000000; 2473; 1848388; 
174.000000; 2040; 1524779; 
175.000000; 2275; 1703870; 
176.000000; 1805; 1353170; 
177.000000; 2173; 1622148; 
178.000000; 2668; 1997665; 
179.000000; 1948; 1456406; 
180.000000; 2281; 1699182; 
181.000000; 2668; 1987638; 
182.000000; 2004; 1509906; 
183.000000; 1805; 1349675; 
184.000000; 2063; 1543464; 
185.000000; 2090; 1587221; 
186.000000; 2557; 1913682; 
187.000000; 1834; 1381029; 
188.000000; 2438; 1841090; 
189.000000; 2592; 1949691; 
190.000000; 2181; 1609292; 
191.000000; 2932; 2217851; 
192.000000; 2552; 1899403; 
193.000000; 2292; 1709879; 
194.000000; 2419; 1813792; 
195.000000; 2152; 1614846; 
196.000000; 2409; 1798961; 
197.000000; 2377; 1783996; 
198.000000; 2731; 2040382; 
199.000000; 2150; 1608892; 
200.000000; 2651; 1974807; 
201.000000; 2591; 1931923; 
202.000000; 2354; 1772765; 
203.000000; 2656; 1992183; 
204.000000; 2854; 2132123; 
205.000000; 2644; 1976639; 
206.000000; 2889; 2172721; 
207.000000; 2157; 1608554; 
208.000000; 2119; 1588643; 
209.000000; 1831; 1376952; 
210.000000; 2748; 2063952; 
211.000000; 2405; 1793557; 
212.000000; 2268; 1700286; 
213.000000; 2703; 2027780; 
214.000000; 2909; 2182375; 
215.000000; 2887; 2148905; 
216.000000; 1884; 1414147; 
217.000000; 2379; 1785685; 
218.000000; 2141; 1602279; 
219.000000; 2267; 1691796; 
220.000000; 2695; 2023171; 
221.000000; 2038; 1535364; 
222.000000; 2363; 1776417; 
223.000000; 2975; 2244826; 
224.000000; 1960; 1464342; 
225.000000; 2682; 1996331; 
226.000000; 2791; 2084168; 
227.000000; 1991; 1500490; 
228.000000; 2535; 1895138; 
229.000000; 1892; 1419826; 
230.000000; 1988; 1489229; 
231.000000; 2890; 2174221; 
232.000000; 2647; 1976640; 
233.000000; 2072; 1549122; 
234.000000; 2304; 1730451; 
235.000000; 2295; 1712348; 
236.000000; 1825; 1374594; 
237.000000; 2296; 1715751; 
238.000000; 2874; 2158252; 
239.000000; 2637; 1964465; 
240.000000; 2256; 1681416; 
241.000000; 2862; 2145421; 
242.000000; 2859; 2143781; 
243.000000; 2811; 2105287; 
244.000000; 1816; 1353800; 
245.000000; 2104; 1583203; 
246.000000; 2274; 1709791; 
247.000000; 1986; 1486200; 
248.000000; 2309; 1726948; 
249.000000; 1951; 1457238; 
250.000000; 2287; 1708621; 
251.000000; 2180; 1634923; 
252.000000; 2105; 1568148; 
253.000000; 2871; 2150740; 
254.000000; 2085; 1563418; 
255.000000; 1955; 1473951; 
256.000000; 2423; 1807894; 
257.000000; 1991; 1490393; 
258.000000; 2236; 1678893; 
259.000000; 1864; 1395633; 
260.000000; 2876; 2145603; 
261.000000; 2636; 1968472; 
262.000000; 2400; 1795914; 
263.000000; 2296; 1709960; 
264.000000; 2595; 1945728; 
265.000000; 2874; 2157425; 
266.000000; 2483; 1870096; 
267.000000; 2638; 1965303; 
268.000000; 2488; 1859390; 
269.000000; 2261; 1689929; 
270.000000; 2793; 2088970; 
271.000000; 2829; 2117830; 
272.000000; 2402; 1802442; 
273.000000; 2874; 2160583; 
274.000000; 1983; 1486973; 
275.000000; 2687; 2014744; 
276.000000; 2607; 1968961; 
277.000000; 2073; 1562037; 
278.000000; 2138; 1619927; 
279.000000; 2426; 1805966; 
280.000000; 2491; 1862792; 
281.000000; 2546; 1917678; 
282.000000; 2248; 1682908; 
283.000000; 2458; 1848067; 
284.000000; 2597; 1943553; 
285.000000; 2113; 1586575; 
286.000000; 2432; 1808939; 
287.000000; 2004; 1507886; 
288.000000; 2802; 2094693; 
289.000000; 2894; 2163298; 
290.000000; 2379; 1784177; 
291.000000; 2820; 2121125; 
292.000000; 2349; 1761426; 
293.000000; 2634; 1978151; 
294.000000; 2007; 1501206; 
295.000000; 1800; 1350403; 
296.000000; 2634; 1974451; 
297.000000; 2482; 1852809; 
298.000000; 1912; 1428594; 
299.000000; 2930; 2205099; 
300.000000; 2405; 1801747; 
301.000000; 2642; 1976868; 
302.000000; 2537; 1911034; 
303.000000; 2486; 1852443; 
304.000000; 2787; 2088374; 
305.000000; 2616; 1946960; 
306.000000; 2506; 1890993; 
307.000000; 2437; 1816995; 
308.000000; 1837; 1364184; 
309.000000; 2571; 1910377; 
310.000000; 1896; 1420310; 
311.000000; 1986; 1496366; 
312.000000; 2619; 1971710; 
313.000000; 2672; 1997656; 
314.000000; 2753; 2064655; 
315.000000; 2301; 1730789; 
316.000000; 2006; 1514813; 
317.000000; 2378; 1788745; 
318.000000; 2760; 2082874; 
319.000000; 1853; 1378933; 
320.000000; 2396; 1787161; 
321.000000; 2120; 1577695; 
322.000000; 2539; 1910330; 
323.000000; 2936; 2197364; 
324.000000; 2416; 1806882; 
325.000000; 2041; 1524661; 
326.000000; 2453; 1845412; 
327.000000; 2874; 2174267; 
328.000000; 2032; 1523437; 
329.000000; 2121; 1599533; 
330.000000; 2970; 2210935; 
331.000000; 2564; 1918386; 
332.000000; 2430; 1821537; 
333.000000; 2062; 1544488; 
334.000000; 2063; 1547521; 
335.000000; 1871; 1405080; 
336.000000; 2564; 1922343; 
337.000000; 2077; 1565729; 
338.000000; 2724; 2048781; 
339.000000; 2132; 1605063; 
340.000000; 2397; 1803947; 
341.000000; 1857; 1384926; 
342.000000; 2932; 2191663; 
343.000000; 2054; 1535701; 
344.000000; 1942; 1448494; 
345.000000; 2205; 1658640; 
346.000000; 2969; 2222133; 
347.000000; 2070; 1536359; 
348.000000; 2814; 2108983; 
349.000000; 2263; 1687441; 
350.000000; 2104; 1575263; 
351.000000; 2549; 1915570; 
352.000000; 1989; 1500675; 
353.000000; 2384; 1787255; 
354.000000; 2530; 1889187; 
355.000000; 2717; 2038004; 
356.000000; 2774; 2085228; 
357.000000; 2329; 1740694; 
358.000000; 2333; 1749704; 
359.000000; 1858; 1396729; 
360.000000; 1867; 1397240; 
361.000000; 2702; 2012200; 
362.000000; 2997; 2247576; 
363.000000; 2262; 1698558; 
364.000000; 1925; 1441338; 
365.000000; 1922; 1436168; 
366.000000; 2241; 1676749; 
367.000000; 1865; 1412265; 
368.000000; 2960; 2230259; 
369.000000; 2475; 1860214; 
370.000000; 2497; 1874820; 
371.000000; 2691; 2012087; 
372.000000; 2965; 2217746; 
373.000000; 1938; 1457497; 
374.000000; 1892; 1414980; 
375.000000; 2680; 1989358; 
376.000000; 2038; 1522466; 
377.000000; 2613; 1962900; 
378.000000; 2472; 1847461; 
379.000000; 1930; 1446934; 
380.000000; 2598; 1954739; 
381.000000; 2052; 1533965; 
382.000000; 2663; 1993989; 
383.000000; 2959; 2220948; 
384.000000; 1862; 1397874; 
385.000000; 2555; 1915534; 
386.000000; 1920; 1454377; 
387.000000; 2641; 1982816; 
388.000000; 2301; 1720541; 
389.000000; 2231; 1660336; 
390.000000; 1958; 1468819; 
391.000000; 2161; 1619860; 
392.000000; 2196; 1641173; 
393.000000; 2460; 1840109; 
394.000000; 1942; 1457371; 
395.000000; 2128; 1589924; 
396.000000; 2344; 1761546; 
397.000000; 2259; 1687943; 
398.000000; 2962; 2232490; 
399.000000; 2511; 1888213; 
400.000000; 2783; 2080845; 
401.000000; 1957; 1465162; 
402.000000; 1876; 1390274; 
403.000000; 1895; 1426992; 
404.000000; 1938; 1448228; 
405.000000; 2650; 1979208; 
406.000000; 2906; 2166186; 
407.000000; 2770; 2082727; 
408.000000; 2048; 1528670; 
409.000000; 2387; 1788479; 
410.000000; 2480; 1858500; 
411.000000; 2142; 1608846; 
412.000000; 2638; 1974492; 
413.000000; 1989; 1493074; 
414.000000; 2650; 1976529; 
415.000000; 2906; 2176451; 
416.000000; 2978; 2235490; 
417.000000; 2540; 1895309; 
418.000000; 2744; 2062733; 
419.000000; 2101; 1574886; 
420.000000; 2901; 2186757; 
421.000000; 1933; 1447951; 
422.000000; 2926; 2194546; 
423.000000; 2257; 1701065; 
424.000000; 2225; 1683833; 
425.000000; 2056; 1540037; 
426.000000; 2004; 1498809; 
427.000000; 2131; 1590514; 
428.000000; 2277; 1701501; 
429.000000; 1902; 1424145; 
430.000000; 2832; 2119887; 
431.000000; 2690; 2028984; 
432.000000; 2163; 1615830; 
433.000000; 2863; 2141620; 
434.000000; 1852; 1396906; 
435.000000; 2188; 1651504; 
436.000000; 1810; 1358503; 
437.000000; 2642; 1991167; 
438.000000; 2777; 2075664; 
439.000000; 2981; 2238042; 
440.000000; 1862; 1404614; 
441.000000; 2818; 2101135; 
442.000000; 2340; 1751176; 
443.000000; 2285; 1708459; 
444.000000; 2200; 1641638; 
445.000000; 2563; 1918955; 
446.000000; 2879; 2155100; 
447.000000; 1899; 1424197; 
448.000000; 2262; 1710870; 
449.000000; 2931; 2199898; 
450.000000; 2288; 1720564; 
451.000000; 2646; 1994697; 
452.000000; 2298; 1720276; 
453.000000; 2936; 2199037; 
454.000000; 1959; 1461969; 
455.000000; 2772; 2072322; 
456.000000; 2707; 2033925; 
457.000000; 2415; 1815416; 
458.000000; 1928; 1440452; 
459.000000; 2818; 2112163; 
460.000000; 2892; 2152118; 
461.000000; 2274; 1710619; 
462.000000; 2060; 1543868; 
463.000000; 2857; 2156351; 
464.000000; 2007; 1499366; 
465.000000; 1888; 1408394; 
466.000000; 2107; 1586945; 
467.000000; 1922; 1444223; 
468.000000; 2595; 1939136; 
469.000000; 1818; 1367580; 
470.000000; 2766; 2069444; 
471.000000; 2366; 1771731; 
472.000000; 2887; 2154305; 
473.000000; 2306; 1719528; 
474.000000; 2203; 1652062; 
475.000000; 2253; 1683313; 
476.000000; 2434; 1822220; 
477.000000; 1969; 1476240; 
478.000000; 2506; 1879258; 
479.000000; 1897; 1418664; 
480.000000; 2200; 1642786; 
481.000000; 1846; 1383514; 
482.000000; 2092; 1575635; 
483.000000; 2114; 1565805; 
484.000000; 2437; 1817982; 
485.000000; 2562; 1908529; 
486.000000; 2894; 2168476; 
487.000000; 2922; 2190587; 
488.000000; 2597; 1951453; 
489.000000; 2610; 1954773; 
490.000000; 2805; 2102407; 
491.000000; 1990; 1491384; 
492.000000; 2758; 2056895; 
493.000000; 2182; 1625374; 
494.000000; 2981; 2238883; 
495.000000; 2590; 1942081; 
496.000000; 2698; 2040006; 
497.000000; 2657; 1992690; 
498.000000; 1891; 1417141; 
499.000000; 1967; 1475209; 
500.000000; 2184; 1636730; 
501.000000; 2281; 1707846; 
502.000000; 2220; 1671489; 
503.000000; 2828; 2119543; 
504.000000; 2047; 1529435; 
505.000000; 2983; 2238867; 
506.000000; 2777; 2094224; 
507.000000; 2057; 1530807; 
508.000000; 2867; 2154325; 
509.000000; 2009; 1505604; 
510.000000; 2461; 1845738; 
511.000000; 2136; 1600980; 
512.000000; 2574; 1930724; 
513.000000; 2131; 1594071; 
514.000000; 2129; 1589387; 
515.000000; 2989; 2243231; 
516.000000; 1900; 1421923; 
517.000000; 2009; 1510199; 
518.000000; 1994; 1489812; 
519.000000; 2971; 2251129; 
520.000000; 2698; 2036253; 
521.000000; 2302; 1727010; 
522.000000; 2469; 1868621; 
523.000000; 2400; 1815909; 
524.000000; 2512; 1868292; 
525.000000; 2053; 1541736; 
526.000000; 2045; 1534494; 
527.000000; 1922; 1444487; 
528.000000; 2870; 2150916; 
529.000000; 1917; 1432105; 
530.000000; 2178; 1630520; 
531.000000; 1967; 1472272; 
532.000000; 2838; 2132561; 
533.000000; 2176; 1618200; 
534.000000; 2156; 1619338; 
535.000000; 2451; 1844803; 
536.000000; 2954; 2218781; 
537.000000; 2868; 2135952; 
538.000000; 1871; 1407579; 
539.000000; 2417; 1812559; 
540.000000; 2298; 1723742; 
541.000000; 2638; 1982087; 
542.000000; 2210; 1647002; 
543.000000; 2075; 1573427; 
544.000000; 2360; 1775784; 
545.000000; 2976; 2227781; 
546.000000; 1895; 1410890; 
547.000000; 2488; 1860835; 
548.000000; 2162; 1608111; 
549.000000; 1838; 1378607; 
550.000000; 2710; 2045365; 
551.000000; 2203; 1652299; 
552.000000; 1911; 1439566; 
553.000000; 2912; 2175293; 
554.000000; 2914; 2182048; 
555.000000; 2571; 1932081; 
556.000000; 1825; 1364959; 
557.000000; 2310; 1723953; 
558.000000; 1826; 1364754; 
559.000000; 1900; 1422797; 
560.000000; 2157; 1619022; 
561.000000; 2175; 1613573; 
562.000000; 1973; 1476447; 
563.000000; 1943; 1452501; 
564.000000; 2965; 2231470; 
565.000000; 1829; 1369488; 
566.000000; 1981; 1476160; 
567.000000; 2643; 1992499; 
568.000000; 2739; 2039824; 
569.000000; 2588; 1943132; 
570.000000; 2798; 2101820; 
571.000000; 2699; 2032681; 
572.000000; 2207; 1647421; 
573.000000; 1864; 1394572; 
574.000000; 2692; 2022160; 
575.000000; 2724; 2036431; 
576.000000; 2824; 2123116; 
577.000000; 2021; 1515323; 
578.000000; 2837; 2129736; 
579.000000; 2981; 2230588; 
580.000000; 2756; 2077871; 
581.000000; 1873; 1391344; 
582.000000; 2716; 2035167; 
583.000000; 2648; 1984587; 
584.000000; 2743; 2046050; 
585.000000; 1942; 1452366; 
586.000000; 2356; 1775864; 
587.000000; 2349; 1768750; 
588.000000; 2199; 1655293; 
589.000000; 2863; 2143752; 
590.000000; 2074; 1565230; 
591.000000; 1976; 1473955; 
592.000000; 2995; 2238924; 
593.000000; 2764; 2069033; 
594.000000; 2116; 1585286; 
595.000000; 2178; 1637602; 
596.000000; 2922; 2184837; 
597.000000; 2801; 2100770; 
598.000000; 2573; 1938457; 
599.000000; 2709; 2042367; 
600.000000; 2030; 1530248; 
601.000000; 2924; 2192828; 
602.000000; 1944; 1441652; 
603.000000; 1827; 1353757; 
604.000000; 2266; 1703253; 
605.000000; 2631; 1971030; 
606.000000; 2168; 1624035; 
607.000000; 2642; 1982060; 
608.000000; 2734; 2058091; 
609.000000; 2572; 1930185; 
610.000000; 2082; 1570770; 
611.000000; 1914; 1444081; 
612.000000; 2567; 1922131; 
613.000000; 2333; 1742077; 
614.000000; 1847; 1380076; 
615.000000; 2634; 1973325; 
616.000000; 2690; 2009153; 
617.000000; 2312; 1735151; 
618.000000; 2421; 1826386; 
619.000000; 2097; 1573599; 
620.000000; 2565; 1921403; 
621.000000; 2593; 1950519; 
622.000000; 2931; 2193023; 
623.000000; 2512; 1881257; 
624.000000; 2880; 2155546; 
625.000000; 2399; 1802332; 
626.000000; 2648; 1982964; 
627.000000; 2753; 2068771; 
628.000000; 2231; 1663349; 
629.000000; 2513; 1887485; 
630.000000; 1837; 1374584; 
631.000000; 2582; 1926815; 
632.000000; 2392; 1791259; 
633.000000; 1913; 1428906; 
634.000000; 2210; 1652691; 
635.000000; 2523; 1881639; 
636.000000; 2575; 1930728; 
637.000000; 2802; 2105821; 
638.000000; 2332; 1757684; 
639.000000; 2716; 2024475; 
640.000000; 2267; 1701183; 
641.000000; 2931; 2198787; 
642.000000; 2794; 2110893; 
643.000000; 1947; 1461576; 
644.000000; 2899; 2164188; 
645.000000; 2064; 1550320; 
646.000000; 2660; 1999603; 
647.000000; 2691; 2003089; 
648.000000; 2102; 1573941; 
649.000000; 1859; 1402232; 
650.000000; 2245; 1687544; 
651.000000; 1860; 1394711; 
652.000000; 2642; 1974410; 
653.000000; 1846; 1390046; 
654.000000; 2452; 1825582; 
655.000000; 2267; 1705680; 
656.000000; 1959; 1467146; 
657.000000; 1858; 1394593; 
658.000000; 2369; 1773178; 
659.000000; 2240; 1684044; 
660.000000; 2271; 1693057; 
661.000000; 2075; 1551551; 
662.000000; 2573; 1923716; 
663.000000; 2704; 2030723; 
664.000000; 2200; 1651838; 
665.000000; 2304; 1720498; 
666.000000; 2541; 1907342; 
667.000000; 2326; 1737420; 
668.000000; 2529; 1898684; 
669.000000; 2051; 1557317; 
670.000000; 2248; 1681590; 
671.000000; 2309; 1740291; 
672.000000; 2031; 1523431; 
673.000000; 2199; 1653762; 
674.000000; 2290; 1726970; 
675.000000; 1829; 1364295; 
676.000000; 2105; 1572412; 
677.000000; 2901; 2167510; 
678.000000; 2129; 1605766; 
679.000000; 2698; 2022151; 
680.000000; 2362; 1767994; 
681.000000; 2006; 1499031; 
682.000000; 1886; 1409765; 
683.000000; 2562; 1916791; 
684.000000; 2281; 1718315; 
685.000000; 2659; 1994905; 
686.000000; 2681; 2007573; 
687.000000; 2159; 1609071; 
688.000000; 2889; 2168498; 
689.000000; 2073; 1562411; 
690.000000; 1993; 1494625; 
691.000000; 1901; 1425614; 
692.000000; 2892; 2163423; 
693.000000; 2463; 1854263; 
694.000000; 2485; 1863677; 
695.000000; 2977; 2243448; 
696.000000; 2450; 1833986; 
697.000000; 2106; 1569185; 
698.000000; 2259; 1686533; 
699.000000; 2656; 2007310; 
700.000000; 2192; 1648954; 
701.000000; 2640; 1979306; 
702.000000; 1970; 1483379; 
703.000000; 2367; 1772425; 
704.000000; 2999; 2249496; 
705.000000; 2040; 1541623; 
706.000000; 2651; 1988014; 
707.000000; 2434; 1829781; 
708.000000; 2929; 2199932; 
709.000000; 2708; 2027117; 
710.000000; 2701; 2027905; 
711.000000; 2035; 1521777; 
712.000000; 2803; 2106487; 
713.000000; 2703; 2027895; 
714.000000; 2429; 1820219; 
715.000000; 2069; 1550693; 
716.000000; 2888; 2158640; 
717.000000; 2925; 2192223; 
718.000000; 2039; 1514879; 
719.000000; 2062; 1547806; 
720.000000; 2215; 1645954; 
721.000000; 2072; 1556161; 
722.000000; 2219; 1654183; 
723.000000; 2067; 1557483; 
724.000000; 2909; 2174473; 
725.000000; 2007; 1499797; 
726.000000; 1874; 1406196; 
727.000000; 2827; 2120842; 
728.000000; 2230; 1682946; 
729.000000; 1972; 1470456; 
730.000000; 1861; 1405560; 
731.000000; 2288; 1707021; 
732.000000; 2500; 1874748; 
733.000000; 2853; 2144573; 
734.000000; 2161; 1615171; 
735.000000; 2846; 2136008; 
736.000000; 2209; 1640041; 
737.000000; 2274; 1705400; 
738.000000; 2555; 1927362; 
739.000000; 1818; 1364145; 
740.000000; 2124; 1592737; 
741.000000; 2999; 2244163; 
742.000000; 2426; 1815708; 
743.000000; 2012; 1502707; 
744.000000; 2845; 2130632; 
745.000000; 2280; 1704658; 
746.000000; 2332; 1746860; 
747.000000; 2074; 1556321; 
748.000000; 2487; 1870513; 
749.000000; 2562; 1924588; 
750.000000; 2749; 2058969; 
751.000000; 2954; 2216163; 
752.000000; 2340; 1744486; 
753.000000; 2401; 1801689; 
754.000000; 2510; 1883385; 
755.000000; 2320; 1740311; 
756.000000; 2681; 2006478; 
757.000000; 2561; 1925029; 
758.000000; 2467; 1845947; 
759.000000; 2022; 1517058; 
760.000000; 1891; 1424134; 
761.000000; 2124; 1602853; 
762.000000; 2423; 1821799; 
763.000000; 2812; 2113187; 
764.000000; 2345; 1753565; 
765.000000; 2942; 2190348; 
766.000000; 2048; 1524362; 
767.000000; 2066; 1542040; 
768.000000; 2625; 1963745; 
769.000000; 2667; 2004715; 
770.000000; 2445; 1828097; 
771.000000; 2037; 1529217; 
772.000000; 2437; 1831749; 
773.000000; 2965; 2222274; 
774.000000; 2514; 1886345; 
775.000000; 1982; 1491415; 
776.000000; 2828; 2108496; 
777.000000; 2786; 2072793; 
778.000000; 2650; 1986377; 
779.000000; 2631; 1970281; 
780.000000; 2741; 2058266; 
781.000000; 1823; 1366825; 
782.000000; 2846; 2125081; 
783.000000; 2428; 1820739; 
784.000000; 2655; 1996723; 
785.000000; 2134; 1605932; 
786.000000; 2910; 2183682; 
787.000000; 2939; 2204563; 
788.000000; 2502; 1861651; 
789.000000; 2641; 1973653; 
790.000000; 2731; 2045299; 
791.000000; 2045; 1531560; 
792.000000; 2779; 2091107; 
793.000000; 2878; 2159303; 
794.000000; 2300; 1719651; 
795.000000; 2334; 1740552; 
796.000000; 1910; 1426620; 
797.000000; 2050; 1537953; 
798.000000; 2586; 1928123; 
799.000000; 2443; 1834941; 
800.000000; 2759; 2057247; 
801.000000; 2846; 2130152; 
802.000000; 2015; 1511441; 
803.000000; 2783; 2083879; 
804.000000; 2066; 1534249; 
805.000000; 2208; 1663657; 
806.000000; 2357; 1764278; 
807.000000; 2542; 1906432; 
808.000000; 2405; 1787094; 
809.000000; 2380; 1791094; 
810.000000; 2633; 1977921; 
811.000000; 2679; 2010277; 
812.000000; 1811; 1357739; 
813.000000; 2197; 1652275; 
814.000000; 2789; 2096325; 
815.000000; 2062; 1548726; 
816.000000; 2040; 1542544; 
817.000000; 2193; 1648318; 
818.000000; 2683; 2018926; 
819.000000; 2263; 1693012; 
820.000000; 2898; 2167813; 
821.000000; 2678; 2010032; 
822.000000; 2723; 2046539; 
823.000000; 2727; 2033113; 
824.000000; 1946; 1449353; 
825.000000; 2010; 1519443; 
826.000000; 2371; 1772454; 
827.000000; 1873; 1409519; 
828.000000; 2270; 1710515; 
829.000000; 2192; 1650580; 
830.000000; 1878; 1413600; 
831.000000; 2432; 1839536; 
832.000000; 2271; 1694057; 
833.000000; 2366; 1768564; 
834.000000; 2525; 1883935; 
835.000000; 2730; 2039055; 
836.000000; 2483; 1860703; 
837.000000; 2648; 1975212; 
838.000000; 2463; 1837929; 
839.000000; 2930; 2194816; 
840.000000; 2215; 1653502; 
841.000000; 2614; 1957087; 
842.000000; 1814; 1369861; 
843.000000; 2151; 1613877; 
844.000000; 2146; 1609625; 
845.000000; 1870; 1403948; 
846.000000; 2300; 1733346; 
847.000000; 2155; 1599852; 
848.000000; 2235; 1671949; 
849.000000; 2264; 1700543; 
850.000000; 2675; 2009592; 
851.000000; 1848; 1392200; 
852.000000; 2546; 1900175; 
853.000000; 2998; 2249617; 
854.000000; 1869; 1397153; 
855.000000; 2004; 1496311; 
856.000000; 2421; 1816869; 
857.000000; 2560; 1921537; 
858.000000; 1949; 1473885; 
859.000000; 2634; 1966311; 
860.000000; 2063; 1535584; 
861.000000; 2548; 1906938; 
862.000000; 2272; 1712448; 
863.000000; 2877; 2156802; 
864.000000; 2563; 1921614; 
865.000000; 2623; 1968802; 
866.000000; 2633; 1976217; 
867.000000; 2459; 1842809; 
868.000000; 2927; 2193329; 
869.000000; 2882; 2163403; 
870.000000; 2924; 2181961; 
871.000000; 2168; 1615943; 
872.000000; 2235; 1677868; 
873.000000; 1802; 1350497; 
874.000000; 2914; 2176818; 
875.000000; 1871; 1395103; 
876.000000; 2727; 2055804; 
877.000000; 2492; 1854976; 
878.000000; 2639; 1968930; 
879.000000; 2788; 2082522; 
880.000000; 2288; 1714940; 
881.000000; 2039; 1528419; 
882.000000; 2511; 1892074; 
883.000000; 2080; 1563959; 
884.000000; 2585; 1938133; 
885.000000; 2609; 1955133; 
886.000000; 1805; 1348601; 
887.000000; 2313; 1740441; 
888.000000; 2887; 2159904; 
889.000000; 2345; 1753835; 
890.000000; 2267; 1706216; 
891.000000; 2780; 2068432; 
892.000000; 2269; 1704709; 
893.000000; 2321; 1736641; 
894.000000; 2366; 1774598; 
895.000000; 2341; 1759611; 
896.000000; 2156; 1613887; 
897.000000; 2039; 1540275; 
898.000000; 2438; 1835479; 
899.000000; 1899; 1419211; 
900.000000; 2677; 2006048; 
901.000000; 2702; 2027684; 
902.000000; 2453; 1838766; 
903.000000; 2825; 2120075; 
904.000000; 2806; 2115242; 
905.000000; 2007; 1508063; 
906.000000; 2561; 1921727; 
907.000000; 1813; 1353281; 
908.000000; 2976; 2235420; 
909.000000; 2404; 1813108; 
910.000000; 2489; 1852536; 
911.000000; 2576; 1917511; 
912.000000; 1989; 1488181; 
913.000000; 2482; 1842930; 
914.000000; 2513; 1876679; 
915.000000; 2324; 1737071; 
916.000000; 2943; 2198369; 
917.000000; 2078; 1551774; 
918.000000; 2822; 2113390; 
919.000000; 2237; 1665305; 
920.000000; 2311; 1724617; 
921.000000; 2518; 1887826; 
922.000000; 2132; 1596586; 
923.000000; 2531; 1886313; 
924.000000; 2440; 1822336; 
925.000000; 2895; 2173298; 
926.000000; 2630; 1972236; 
927.000000; 2307; 1726244; 
928.000000; 1953; 1468256; 
929.000000; 1971; 1479316; 
930.000000; 2020; 1509758; 
931.000000; 2477; 1849833; 
932.000000; 1956; 1469220; 
933.000000; 2101; 1574508; 
934.000000; 2379; 1778564; 
935.000000; 2134; 1594147; 
936.000000; 2202; 1642083; 
937.000000; 2645; 1980707; 
938.000000; 2106; 1584279; 
939.000000; 2453; 1835274; 
940.000000; 2046; 1537428; 
941.000000; 2662; 1989457; 
942.000000; 2375; 1780427; 
943.000000; 2164; 1616172; 
944.000000; 2485; 1847090; 
945.000000; 1845; 1382370; 
946.000000; 2671; 1983497; 
947.000000; 1992; 1501345; 
948.000000; 1998; 1495818; 
949.000000; 2842; 2133652; 
950.000000; 2212; 1648907; 
951.000000; 2675; 1997249; 
952.000000; 2998; 2242721; 
953.000000; 2977; 2223567; 
954.000000; 2759; 2081697; 
955.000000; 2887; 2155916; 
956.000000; 1951; 1470584; 
957.000000; 1911; 1427558; 
958.000000; 2019; 1506283; 
959.000000; 1884; 1392613; 
960.000000; 2948; 2225605; 
961.000000; 2830; 2115738; 
962.000000; 2084; 1547603; 
963.000000; 2051; 1543525; 
964.000000; 2031; 1523837; 
965.000000; 2693; 2018705; 
966.000000; 2097; 1565262; 
967.000000; 2585; 1942908; 
968.000000; 2462; 1862959; 
969.000000; 2854; 2139100; 
970.000000; 2096; 1558629; 
971.000000; 2038; 1524356; 
972.000000; 2152; 1613563; 
973.000000; 2153; 1611118; 
974.000000; 2636; 1976865; 
975.000000; 2384; 1778267; 
976.000000; 2733; 2050403; 
977.000000; 2867; 2144611; 
978.000000; 2538; 1904106; 
979.000000; 2265; 1693931; 
980.000000; 2188; 1643165; 
981.000000; 2508; 1874959; 
982.000000; 1973; 1479861; 
983.000000; 2472; 1843481; 
984.000000; 2224; 1668052; 
985.000000; 2703; 2033292; 
986.000000; 2631; 1971643; 
987.000000; 1894; 1409194; 
988.000000; 2687; 2002948; 
989.000000; 1804; 1335237; 
990.000000; 1885; 1408605; 
991.000000; 2984; 2226758; 
992.000000; 2671; 1998254; 
993.000000; 2295; 1723608; 
994.000000; 2967; 2203128; 
995.000000; 1837; 1377721; 
996.000000; 2261; 1696699; 
997.000000; 2190; 1643753; 
998.000000; 1856; 1406041; 
999.000000; 1983; 1478875; 
1000.000000; 2744; 2065930; 
1001.000000; 2721; 2041325; 
1002.000000; 2637; 1983718; 
1003.000000; 2569; 1930526; 
1004.000000; 1853; 1383397; 
1005.000000; 2573; 1924268; 
1006.000000; 1939; 1455336; 
1007.000000; 2660; 1985414; 
1008.000000; 2014; 1512405; 
1009.000000; 2810; 2104151; 
1010.000000; 2458; 1849397; 
1011.000000; 2510; 1900113; 
1012.000000; 1929; 1435276; 
1013.000000; 2495; 1878446; 
1014.000000; 2971; 2225708; 
1015.000000; 2886; 2149744; 
1016.000000; 2221; 1675461; 
1017.000000; 2763; 2082053; 
1018.000000; 2404; 1795580; 
1019.000000; 2409; 1810739; 
1020.000000; 2586; 1941394; 
1021.000000; 2254; 1697390; 
1022.000000; 2517; 1885776; 
1023.000000; 2714; 2037431; 
1024.000000; 2185; 1643866; 
1025.000000; 2262; 1703267; 
1026.000000; 2681; 2010464; 
1027.000000; 2975; 2233993; 
1028.000000; 2344; 1759785; 
1029.000000; 1803; 1338576; 
1030.000000; 2008; 1502224; 
1031.000000; 2690; 2006572; 
1032.000000; 2760; 2070142; 
1033.000000; 2856; 2144681; 
1034.000000; 2773; 2100328; 
1035.000000; 2028; 1504286; 
1036.000000; 2767; 2074522; 
1037.000000; 2568; 1931902; 
1038.000000; 2564; 1913859; 
1039.000000; 1910; 1439376; 
1040.000000; 2589; 1944199; 
1041.000000; 2364; 1767378; 
1042.000000; 2880; 2170786; 
1043.000000; 2259; 1700578; 
1044.000000; 1813; 1360601; 
1045.000000; 2198; 1658024; 
1046.000000; 2012; 1514533; 
1047.000000; 2007; 1510808; 
1048.000000; 2556; 1913429; 
1049.000000; 2010; 1505719; 
1050.000000; 2984; 2219841; 
1051.000000; 2765; 2076843; 
1052.000000; 2900; 2158281; 
1053.000000; 2772; 2074230; 
1054.000000; 2048; 1538816; 
1055.000000; 1813; 1360066; 
1056.000000; 2041; 1530340; 
1057.000000; 2748; 2064668; 
1058.000000; 2570; 1928851; 
1059.000000; 2809; 2097933; 
1060.000000; 2116; 1585013; 
1061.000000; 2273; 1703850; 
1062.000000; 2005; 1505038; 
1063.000000; 2150; 1600168; 
1064.000000; 2794; 2099085; 
1065.000000; 1961; 1463385; 
1066.000000; 1974; 1470669; 
1067.000000; 2981; 2234779; 
1068.000000; 2579; 1936604; 
1069.000000; 2372; 1780760; 
1070.000000; 2786; 2090164; 
1071.000000; 1898; 1422996; 
1072.000000; 1901; 1426534; 
1073.000000; 2996; 2253413; 
1074.000000; 2866; 2134957; 
1075.000000; 2049; 1530692; 
1076.000000; 2006; 1502707; 
1077.000000; 2062; 1530130; 
1078.000000; 1987; 1487428; 
1079.000000; 2288; 1717896; 
1080.000000; 2303; 1730148; 
1081.000000; 1980; 1480070; 
1082.000000; 2683; 2004748; 
1083.000000; 2122; 1593907; 
1084.000000; 2663; 1991081; 
1085.000000; 2209; 1660742; 
1086.000000; 2335; 1752683; 
1087.000000; 2089; 1578569; 
1088.000000; 1856; 1383707; 
1089.000000; 2748; 2059418; 
1090.000000; 2124; 1599439; 
1091.000000; 2755; 2059723; 
1092.000000; 2198; 1657468; 
1093.000000; 2370; 1779115; 
1094.000000; 2767; 2079974; 
1095.000000; 2561; 1907127; 
1096.000000; 2734; 2047333; 
1097.000000; 2367; 1777634; 
1098.000000; 2379; 1790105; 
1099.000000; 2547; 1901558; 
1100.000000; 2341; 1764838; 
1101.000000; 2258; 1695149; 
1102.000000; 2370; 1778860; 
1103.000000; 2581; 1923770; 
1104.000000; 2005; 1507911; 
1105.000000; 2391; 1782097; 
1106.000000; 2381; 1784181; 
1107.000000; 2414; 1807364; 
1108.000000; 2926; 2197726; 
1109.000000; 2670; 2012451; 
1110.000000; 2471; 1844406; 
1111.000000; 1827; 1373360; 
1112.000000; 2332; 1756491; 
1113.000000; 2795; 2096850; 
1114.000000; 1932; 1451568; 
1115.000000; 2743; 2059715; 
1116.000000; 2112; 1576968; 
1117.000000; 2693; 2016106; 
1118.000000; 2673; 1995408; 
1119.000000; 2294; 1702345; 
1120.000000; 2558; 1912362; 
1121.000000; 2294; 1707024; 
1122.000000; 2861; 2149723; 
1123.000000; 2216; 1657264; 
1124.000000; 2873; 2138214; 
1125.000000; 2757; 2064896; 
1126.000000; 2130; 1601995; 
1127.000000; 2485; 1878818; 
1128.000000; 2065; 1547714; 
1129.000000; 2336; 1753739; 
1130.000000; 2646; 1977743; 
1131.000000; 2950; 2223864; 
1132.000000; 2155; 1616631; 
1133.000000; 2182; 1632857; 
1134.000000; 2001; 1502773; 
1135.000000; 2568; 1933633; 
1136.000000; 1913; 1428744; 
1137.000000; 1876; 1394493; 
1138.000000; 2383; 1789448; 
1139.000000; 2225; 1655820; 
1140.000000; 2769; 2071122; 
1141.000000; 2893; 2170808; 
1142.000000; 2725; 2049568; 
1143.000000; 2969; 2227784; 
1144.000000; 1884; 1414009; 
1145.000000; 2108; 1578518; 
1146.000000; 2278; 1706593; 
1147.000000; 2320; 1734499; 
1148.000000; 1845; 1384111; 
1149.000000; 2094; 1571372; 
1150.000000; 2105; 1583219; 
1151.000000; 2433; 1836358; 
1152.000000; 2062; 1537599; 
1153.000000; 2537; 1900244; 
1154.000000; 2119; 1594404; 
1155.000000; 2583; 1936277; 
1156.000000; 2812; 2118627; 
1157.000000; 2388; 1800431; 
1158.000000; 2264; 1704454; 
1159.000000; 2743; 2063341; 
1160.000000; 1962; 1468443; 
1161.000000; 2827; 2121400; 
1162.000000; 2740; 2057390; 
1163.000000; 2228; 1684945; 
1164.000000; 2345; 1755830; 
1165.000000; 2666; 1999367; 
1166.000000; 2547; 1907724; 
1167.000000; 1959; 1465452; 
1168.000000; 2118; 1594536; 
1169.000000; 2313; 1742138; 
1170.000000; 2742; 2048567; 
1171.000000; 2807; 2105543; 
1172.000000; 2685; 2013471; 
1173.000000; 2894; 2175157; 
1174.000000; 2589; 1942916; 
1175.000000; 2847; 2140743; 
1176.000000; 2658; 1982751; 
1177.000000; 2355; 1780469; 
1178.000000; 2277; 1705060; 
1179.000000; 2889; 2158285; 
1180.000000; 2169; 1626455; 
1181.000000; 2796; 2098803; 
1182.000000; 2371; 1760769; 
1183.000000; 2604; 1948272; 
1184.000000; 2791; 2087464; 
1185.000000; 2799; 2101440; 
1186.000000; 1927; 1448112; 
1187.000000; 2012; 1514614; 
1188.000000; 2203; 1649517; 
1189.000000; 2487; 1855750; 
1190.000000; 2318; 1741634; 
1191.000000; 2108; 1580700; 
1192.000000; 2966; 2207886; 
1193.000000; 1873; 1394486; 
1194.000000; 2086; 1563382; 
1195.000000; 2242; 1677306; 
1196.000000; 2813; 2111230; 
1197.000000; 1990; 1482833; 
1198.000000; 1839; 1387677; 
1199.000000; 2982; 2224299; 
1200.000000; 2336; 1757381; 
1201.000000; 2845; 2126854; 
1202.000000; 2678; 2009446; 
1203.000000; 2313; 1735914; 
1204.000000; 2168; 1625064; 
1205.000000; 1852; 1384605; 
1206.000000; 2785; 2083772; 
1207.000000; 2386; 1797050; 
1208.000000; 2184; 1639315; 
1209.000000; 2544; 1907422; 
1210.000000; 2985; 2245144; 
1211.000000; 2673; 1988358; 
1212.000000; 2359; 1769442; 
1213.000000; 2487; 1870685; 
1214.000000; 2648; 1982790; 
1215.000000; 2925; 2180338; 
1216.000000; 2158; 1602802; 
1217.000000; 2568; 1932098; 
1218.000000; 2526; 1894441; 
1219.000000; 2302; 1737918; 
1220.000000; 2791; 2092425; 
1221.000000; 2888; 2179572; 
1222.000000; 1973; 1480533; 
1223.000000; 2037; 1527240; 
1224.000000; 1924; 1435628; 
1225.000000; 2410; 1807002; 
1226.000000; 1980; 1474554; 
1227.000000; 2551; 1920415; 
1228.000000; 2540; 1911918; 
1229.000000; 2680; 2007480; 
1230.000000; 2217; 1663153; 
1231.000000; 2092; 1556458; 
1232.000000; 2305; 1726284; 
1233.000000; 2911; 2185658; 
1234.000000; 2260; 1683492; 
1235.000000; 2867; 2153312; 
1236.000000; 1948; 1457363; 
1237.000000; 2877; 2166561; 
1238.000000; 2089; 1569695; 
1239.000000; 1821; 1366233; 
1240.000000; 1994; 1491325; 
1241.000000; 2603; 1942331; 
1242.000000; 2119; 1596353; 
1243.000000; 1996; 1501316; 
1244.000000; 2490; 1869090; 
1245.000000; 2747; 2071098; 
1246.000000; 2085; 1556116; 
1247.000000; 2382; 1785483; 
1248.000000; 1970; 1475116; 
1249.000000; 2430; 1815703; 
1250.000000; 2449; 1825961; 
1251.000000; 2914; 2183091; 
1252.000000; 2149; 1610163; 
1253.000000; 2236; 1685574; 
1254.000000; 2526; 1895949; 
1255.000000; 2874; 2159807; 
1256.000000; 1856; 1391732; 
1257.000000; 2178; 1635364; 
1258.000000; 2659; 1993221; 
1259.000000; 2024; 1519136; 
1260.000000; 1910; 1430753; 
1261.000000; 2802; 2094829; 
1262.000000; 1979; 1476044; 
1263.000000; 2863; 2149168; 
1264.000000; 2610; 1956832; 
1265.000000; 2819; 2115201; 
1266.000000; 2755; 2077506; 
1267.000000; 2896; 2151898; 
1268.000000; 2850; 2136662; 
1269.000000; 2744; 2040943; 
1270.000000; 2418; 1809562; 
1271.000000; 2852; 2133298; 
1272.000000; 2558; 1923053; 
1273.000000; 2652; 1982875; 
1274.000000; 2618; 1962957; 
1275.000000; 2312; 1732265; 
1276.000000; 2505; 1878398; 
1277.000000; 2441; 1824410; 
1278.000000; 1994; 1485008; 
1279.000000; 2048; 1536019; 
1280.000000; 2028; 1523656; 
1281.000000; 2004; 1503669; 
1282.000000; 2127; 1594329; 
1283.000000; 2237; 1674079; 
1284.000000; 2006; 1506307; 
1285.000000; 2099; 1567183; 
1286.000000; 2593; 1929615; 
1287.000000; 2857; 2134482; 
1288.000000; 2599; 1940247; 
1289.000000; 2256; 1693756; 
1290.000000; 2384; 1794060; 
1291.000000; 2586; 1941660; 
1292.000000; 2897; 2166034; 
1293.000000; 2556; 1910670; 
1294.000000; 1815; 1361489; 
1295.000000; 2942; 2208777; 
1296.000000; 2299; 1721615; 
1297.000000; 2504; 1878684; 
1298.000000; 2447; 1828381; 
1299.000000; 2891; 2157438; 
1300.000000; 2092; 1567590; 
1301.000000; 2775; 2070478; 
1302.000000; 2298; 1725891; 
1303.000000; 2516; 1873960; 
1304.000000; 2245; 1683973; 
1305.000000; 2636; 1978625; 
1306.000000; 2992; 2242543; 
1307.000000; 2270; 1701366; 
1308.000000; 2539; 1896051; 
1309.000000; 2924; 2182893; 
1310.000000; 1960; 1463308; 
1311.000000; 2554; 1901429; 
1312.000000; 2515; 1884526; 
1313.000000; 1844; 1371212; 
1314.000000; 2007; 1497252; 
1315.000000; 2986; 2232061; 
1316.000000; 2217; 1662391; 
1317.000000; 2309; 1731935; 
1318.000000; 2921; 2175464; 
1319.000000; 2956; 2194527; 
1320.000000; 2351; 1759051; 
1321.000000; 1973; 1480347; 
1322.000000; 2059; 1543934; 
1323.000000; 2297; 1726185; 
1324.000000; 1935; 1446571; 
1325.000000; 2414; 1809110; 
1326.000000; 2807; 2080240; 
1327.000000; 2369; 1767570; 
1328.000000; 2644; 1980619; 
1329.000000; 1882; 1412691; 
1330.000000; 1933; 1437956; 
1331.000000; 2399; 1811094; 
1332.000000; 2045; 1538283; 
1333.000000; 2731; 2041842; 
1334.000000; 1847; 1386355; 
1335.000000; 1833; 1374720; 
1336.000000; 2267; 1687748; 
1337.000000; 2573; 1918952; 
1338.000000; 2651; 1997603; 
1339.000000; 2832; 2123194; 
1340.000000; 2083; 1560680; 
1341.000000; 2060; 1545083; 
1342.000000; 2967; 2231138; 
1343.000000; 1879; 1405115; 
1344.000000; 2674; 1998223; 
1345.000000; 1927; 1448145; 
1346.000000; 2189; 1639515; 
1347.000000; 2820; 2117570; 
1348.000000; 1806; 1343031; 
1349.000000; 2322; 1744081; 
1350.000000; 2756; 2056040; 
1351.000000; 2405; 1796648; 
1352.000000; 2253; 1677039; 
1353.000000; 2783; 2087618; 
1354.000000; 2180; 1640195; 
1355.000000; 2993; 2246243; 
1356.000000; 2927; 2207719; 
1357.000000; 2751; 2058255; 
1358.000000; 2014; 1512477; 
1359.000000; 1870; 1404576; 
1360.000000; 2093; 1569884; 
1361.000000; 2669; 2028087; 
1362.000000; 1997; 1482775; 
1363.000000; 2065; 1548669; 
1364.000000; 1921; 1431424; 
1365.000000; 2027; 1518384; 
1366.000000; 1927; 1443471; 
1367.000000; 2549; 1896251; 
1368.000000; 1994; 1497970; 
1369.000000; 2533; 1898911; 
1370.000000; 2300; 1725320; 
1371.000000; 2340; 1769030; 
1372.000000; 2395; 1804074; 
1373.000000; 2063; 1543668; 
1374.000000; 2903; 2192375; 
1375.000000; 2822; 2113270; 
1376.000000; 2186; 1648833; 
1377.000000; 1993; 1500580; 
1378.000000; 2452; 1832409; 
1379.000000; 2114; 1583835; 
1380.000000; 2242; 1685487; 
1381.000000; 2504; 1866179; 
1382.000000; 2293; 1722577; 
1383.000000; 2898; 2170085; 
1384.000000; 2039; 1526239; 
1385.000000; 2382; 1789775; 
1386.000000; 1817; 1380332; 
1387.000000; 2991; 2234451; 
1388.000000; 1805; 1349313; 
1389.000000; 2825; 2129547; 
1390.000000; 1829; 1373053; 
1391.000000; 2756; 2062294; 
1392.000000; 2334; 1752727; 
1393.000000; 2746; 2051262; 
1394.000000; 2581; 1939564; 
1395.000000; 2159; 1620315; 
1396.000000; 1892; 1416648; 
1397.000000; 1869; 1401123; 
1398.000000; 2521; 1892471; 
1399.000000; 2599; 1943420; 
1400.000000; 2113; 1589832; 
1401.000000; 2606; 1954956; 
1402.000000; 2886; 2177183; 
1403.000000; 2903; 2175191; 
1404.000000; 2718; 2019684; 
1405.000000; 2908; 2178161; 
1406.000000; 2046; 1524362; 
1407.000000; 2723; 2041536; 
1408.000000; 2149; 1616125; 
1409.000000; 2753; 2073390; 
1410.000000; 1858; 1392457; 
1411.000000; 1979; 1481660; 
1412.000000; 2925; 2197156; 
1413.000000; 2020; 1519700; 
1414.000000; 1910; 1429182; 
1415.000000; 1980; 1481830; 
1416.000000; 2878; 2162139; 
1417.000000; 2779; 2080762; 
1418.000000; 2914; 2186207; 
1419.000000; 2161; 1611248; 
1420.000000; 2304; 1729284; 
1421.000000; 2148; 1615370; 
1422.000000; 1985; 1492042; 
1423.000000; 2289; 1726390; 
1424.000000; 2137; 1600031; 
1425.000000; 2433; 1829619; 
1426.000000; 2536; 1895675; 
1427.000000; 2783; 2103661; 
1428.000000; 1966; 1464321; 
1429.000000; 2841; 2118673; 
1430.000000; 1939; 1448997; 
1431.000000; 2593; 1948600; 
1432.000000; 2703; 2027417; 
1433.000000; 2234; 1672400; 
1434.000000; 2883; 2156668; 
1435.000000; 2126; 1601300; 
1436.000000; 2107; 1569885; 
1437.000000; 1815; 1367234; 
1438.000000; 2468; 1845085; 
1439.000000; 2319; 1745701; 
1440.000000; 2619; 1967851; 
1441.000000; 2413; 1820005; 
1442.000000; 1865; 1395296; 
1443.000000; 2480; 1852840; 
1444.000000; 2033; 1526371; 
1445.000000; 2069; 1542042; 
1446.000000; 2336; 1759374; 
1447.000000; 2427; 1815653; 
1448.000000; 2294; 1715524; 
1449.000000; 2781; 2080154; 
1450.000000; 2233; 1676545; 
1451.000000; 1866; 1407345; 
1452.000000; 2742; 2062668; 
1453.000000; 2634; 1983638; 
1454.000000; 2664; 1989091; 
1455.000000; 1899; 1414609; 
1456.000000; 2846; 2128670; 
1457.000000; 2257; 1702425; 
1458.000000; 2605; 1955005; 
1459.000000; 2031; 1517939; 
1460.000000; 2870; 2165791; 
1461.000000; 2670; 1999565; 
1462.000000; 2711; 2030247; 
1463.000000; 2939; 2209607; 
1464.000000; 2181; 1635167; 
1465.000000; 2827; 2120130; 
1466.000000; 2027; 1510029; 
1467.000000; 2093; 1566124; 
1468.000000; 2489; 1859187; 
1469.000000; 2727; 2040965; 
1470.000000; 2371; 1756747; 
1471.000000; 2494; 1862783; 
1472.000000; 2689; 2001761; 
1473.000000; 2444; 1834980; 
1474.000000; 2161; 1623038; 
1475.000000; 2675; 2011248; 
1476.000000; 2168; 1620607; 
1477.000000; 2123; 1601201; 
1478.000000; 2986; 2234706; 
1479.000000; 2803; 2091834; 
1480.000000; 2737; 2049428; 
1481.000000; 2134; 1592740; 
1482.000000; 2149; 1601399; 
1483.000000; 1839; 1373699; 
1484.000000; 2823; 2123161; 
1485.000000; 2298; 1724906; 
1486.000000; 2821; 2117155; 
1487.000000; 2664; 1980535; 
1488.000000; 2332; 1748538; 
1489.000000; 2977; 2231175; 
1490.000000; 2851; 2129239; 
1491.000000; 1804; 1359493; 
1492.000000; 2667; 1997730; 
1493.000000; 2844; 2134111; 
1494.000000; 2990; 2237582; 
1495.000000; 2729; 2045275; 
1496.000000; 2352; 1768519; 
1497.000000; 2900; 2175562; 
1498.000000; 2248; 1684977; 
1499.000000; 1994; 1500763; 
1500.000000; 2138; 1604480; 
1501.000000; 2760; 2062421; 
1502.000000; 2993; 2233911; 
1503.000000; 2634; 1980287; 
1504.000000; 1989; 1489660; 
1505.000000; 2051; 1531851; 
1506.000000; 2412; 1816783; 
1507.000000; 1899; 1432732; 
1508.000000; 2662; 2000834; 
1509.000000; 2939; 2219025; 
1510.000000; 2409; 1812767; 
1511.000000; 1813; 1366419; 
1512.000000; 2761; 2057010; 
1513.000000; 2576; 1944152; 
1514.000000; 1839; 1385751; 
1515.000000; 2848; 2140104; 
1516.000000; 2265; 1700836; 
1517.000000; 2998; 2258765; 
1518.000000; 2635; 1964260; 
1519.000000; 2643; 1986044; 
1520.000000; 2300; 1724069; 
1521.000000; 1899; 1425904; 
1522.000000; 2424; 1817343; 
1523.000000; 2859; 2139718; 
1524.000000; 1896; 1427048; 
1525.000000; 1858; 1393264; 
1526.000000; 2758; 2060321; 
1527.000000; 2755; 2075472; 
1528.000000; 2468; 1853317; 
1529.000000; 2771; 2077455; 
1530.000000; 2538; 1904688; 
1531.000000; 1811; 1362409; 
1532.000000; 2748; 2058277; 
1533.000000; 2587; 1935921; 
1534.000000; 2404; 1796771; 
1535.000000; 2342; 1748457; 
1536.000000; 1955; 1464034; 
1537.000000; 2786; 2076208; 
1538.000000; 2798; 2102929; 
1539.000000; 2435; 1809314; 
1540.000000; 2897; 2161193; 
1541.000000; 1908; 1431929; 
1542.000000; 2603; 1932742; 
1543.000000; 2829; 2104069; 
1544.000000; 1806; 1349258; 
1545.000000; 2788; 2099462; 
1546.000000; 1850; 1384408; 
1547.000000; 2847; 2129604; 
1548.000000; 2809; 2095207; 
1549.000000; 2577; 1913701; 
1550.000000; 2680; 1997669; 
1551.000000; 2966; 2223121; 
1552.000000; 2266; 1692996; 
1553.000000; 2656; 1989296; 
1554.000000; 2053; 1535962; 
1555.000000; 2811; 2087802; 
1556.000000; 2477; 1853781; 
1557.000000; 2859; 2143469; 
1558.000000; 2967; 2240670; 
1559.000000; 2581; 1951674; 
1560.000000; 1984; 1480921; 
1561.000000; 2673; 1996144; 
1562.000000; 2843; 2130152; 
1563.000000; 2845; 2135713; 
1564.000000; 1831; 1364317; 
1565.000000; 2361; 1788141; 
1566.000000; 2429; 1823085; 
1567.000000; 1871; 1396754; 
1568.000000; 2961; 2215389; 
1569.000000; 2322; 1732763; 
1570.000000; 2157; 1619594; 
1571.000000; 2381; 1786591; 
1572.000000; 2768; 2073027; 
1573.000000; 2051; 1540035; 
1574.000000; 2178; 1638241; 
1575.000000; 2437; 1807785; 
1576.000000; 2683; 2015994; 
1577.000000; 2253; 1691391; 
1578.000000; 2794; 2088264; 
1579.000000; 2551; 1918158; 
1580.000000; 2674; 2004280; 
1581.000000; 2826; 2114538; 
1582.000000; 2403; 1808997; 
1583.000000; 2433; 1837044; 
1584.000000; 2201; 1655625; 
1585.000000; 2504; 1877127; 
1586.000000; 2854; 2136775; 
1587.000000; 2724; 2034587; 
1588.000000; 2012; 1510400; 
1589.000000; 2554; 1924845; 
1590.000000; 2789; 2106619; 
1591.000000; 2244; 1677180; 
1592.000000; 2351; 1769801; 
1593.000000; 1899; 1419124; 
1594.000000; 1922; 1441620; 
1595.000000; 2175; 1623700; 
1596.000000; 2782; 2082137; 
1597.000000; 2375; 1780586; 
1598.000000; 2490; 1869543; 
1599.000000; 2204; 1653051; 
1600.000000; 2709; 2025045; 
1601.000000; 2506; 1886434; 
1602.000000; 2320; 1737965; 
1603.000000; 2400; 1799806; 
1604.000000; 2036; 1524320; 
1605.000000; 2960; 2213832; 
1606.000000; 2818; 2107993; 
1607.000000; 2110; 1581832; 
1608.000000; 1958; 1472510; 
1609.000000; 2058; 1541953; 
1610.000000; 2151; 1605259; 
1611.000000; 2555; 1925631; 
1612.000000; 2606; 1960753; 
1613.000000; 2494; 1861160; 
1614.000000; 2383; 1790672; 
1615.000000; 1857; 1398548; 
1616.000000; 2191; 1652400; 
1617.000000; 1990; 1491345; 
1618.000000; 2883; 2142631; 
1619.000000; 2987; 2236198; 
1620.000000; 2968; 2234082; 
1621.000000; 2017; 1515916; 
1622.000000; 2585; 1926517; 
1623.000000; 2390; 1785659; 
1624.000000; 1966; 1477923; 
1625.000000; 2669; 1988920; 
1626.000000; 2887; 2176801; 
1627.000000; 2859; 2135065; 
1628.000000; 2908; 2193086; 
1629.000000; 2618; 1968708; 
1630.000000; 2457; 1845276; 
1631.000000; 1898; 1406110; 
1632.000000; 2688; 2006073; 
1633.000000; 2681; 1999681; 
1634.000000; 2635; 1974766; 
1635.000000; 2685; 2010713; 
1636.000000; 2586; 1940969; 
1637.000000; 2860; 2138477; 
1638.000000; 2278; 1714197; 
1639.000000; 2000; 1487893; 
1640.000000; 2515; 1881625; 
1641.000000; 1822; 1370460; 
1642.000000; 2732; 2052530; 
1643.000000; 2608; 1947648; 
1644.000000; 2890; 2163987; 
1645.000000; 2625; 1956376; 
1646.000000; 2901; 2182687; 
1647.000000; 1901; 1424611; 
1648.000000; 2558; 1917173; 
1649.000000; 2559; 1933295; 
1650.000000; 2300; 1728631; 
1651.000000; 2227; 1657375; 
1652.000000; 2424; 1818762; 
1653.000000; 1833; 1377045; 
1654.000000; 2216; 1673671; 
1655.000000; 2893; 2162836; 
1656.000000; 2870; 2150550; 
1657.000000; 2036; 1539070; 
1658.000000; 2751; 2062858; 
1659.000000; 2691; 2025165; 
1660.000000; 1852; 1386788; 
1661.000000; 2429; 1828041; 
1662.000000; 2200; 1657886; 
1663.000000; 2583; 1926657; 
1664.000000; 2301; 1723152; 
1665.000000; 2454; 1854779; 
1666.000000; 2652; 1981667; 
1667.000000; 2862; 2125858; 
1668.000000; 2245; 1688309; 
1669.000000; 1855; 1387283; 
1670.000000; 2793; 2081166; 
1671.000000; 2091; 1561095; 
1672.000000; 2316; 1736423; 
1673.000000; 2537; 1901547; 
1674.000000; 2877; 2172012; 
1675.000000; 2480; 1849475; 
1676.000000; 1834; 1375141; 
1677.000000; 2188; 1646210; 
1678.000000; 2588; 1943297; 
1679.000000; 2515; 1894252; 
1680.000000; 2299; 1740069; 
1681.000000; 2316; 1733631; 
1682.000000; 2443; 1842719; 
1683.000000; 2886; 2164183; 
1684.000000; 2410; 1809183; 
1685.000000; 2238; 1681742; 
1686.000000; 1898; 1417686; 
1687.000000; 2555; 1916319; 
1688.000000; 2078; 1555908; 
1689.000000; 2429; 1825590; 
1690.000000; 2306; 1736952; 
1691.000000; 2449; 1841535; 
1692.000000; 1819; 1359245; 
1693.000000; 2122; 1596492; 
1694.000000; 2362; 1764441; 
1695.000000; 1856; 1390993; 
1696.000000; 2267; 1684849; 
1697.000000; 2751; 2055654; 
1698.000000; 2772; 2083503; 
1699.000000; 2783; 2095709; 
1700.000000; 1811; 1350257; 
1701.000000; 2827; 2112815; 
1702.000000; 2468; 1850712; 
1703.000000; 2914; 2183797; 
1704.000000; 2566; 1916013; 
1705.000000; 2128; 1594895; 
1706.000000; 1974; 1479253; 
1707.000000; 1809; 1352080; 
1708.000000; 2328; 1748605; 
1709.000000; 1874; 1405298; 
1710.000000; 1828; 1365886; 
1711.000000; 2650; 1967570; 
1712.000000; 2436; 1827171; 
1713.000000; 1884; 1410849; 
1714.000000; 2287; 1717230; 
1715.000000; 2246; 1694345; 
1716.000000; 2754; 2063545; 
1717.000000; 2641; 1983422; 
1718.000000; 2743; 2050151; 
1719.000000; 2652; 1986138; 
1720.000000; 1906; 1420491; 
1721.000000; 2437; 1830247; 
1722.000000; 2390; 1791804; 
1723.000000; 2028; 1518113; 
1724.000000; 2842; 2114596; 
1725.000000; 1898; 1427151; 
1726.000000; 2503; 1872400; 
1727.000000; 2268; 1705629; 
1728.000000; 2007; 1502883; 
1729.000000; 2454; 1828438; 
1730.000000; 2512; 1882223; 
1731.000000; 1803; 1352690; 
1732.000000; 2090; 1567965; 
1733.000000; 2402; 1791580; 
1734.000000; 2747; 2063466; 
1735.000000; 2942; 2203512; 
1736.000000; 1837; 1378188; 
1737.000000; 2669; 2004690; 
1738.000000; 2474; 1849190; 
1739.000000; 2221; 1651977; 
1740.000000; 2703; 2030723; 
1741.000000; 2051; 1535831; 
1742.000000; 2156; 1624525; 
1743.000000; 2165; 1621016; 
1744.000000; 2466; 1839622; 
1745.000000; 2020; 1521659; 
1746.000000; 2903; 2179366; 
1747.000000; 2709; 2036382; 
1748.000000; 2498; 1871176; 
1749.000000; 2561; 1903483; 
1750.000000; 2712; 2024505; 
1751.000000; 2508; 1883971; 
1752.000000; 2805; 2101366; 
1753.000000; 2873; 2147945; 
1754.000000; 2151; 1620026; 
1755.000000; 1954; 1463168; 
1756.000000; 2168; 1623543; 
1757.000000; 1856; 1392296; 
1758.000000; 2162; 1630898; 
1759.000000; 2296; 1723266; 
1760.000000; 2107; 1584562; 
1761.000000; 2518; 1879971; 
1762.000000; 2661; 2002380; 
1763.000000; 2773; 2076039; 
1764.000000; 2349; 1763107; 
1765.000000; 2039; 1530059; 
1766.000000; 2994; 2244339; 
1767.000000; 2276; 1708247; 
1768.000000; 1855; 1393828; 
1769.000000; 2974; 2219891; 
1770.000000; 1855; 1395006; 
1771.000000; 2129; 1599109; 
1772.000000; 2143; 1604276; 
1773.000000; 2837; 2139131; 
1774.000000; 2957; 2232847; 
1775.000000; 2190; 1637212; 
1776.000000; 1915; 1436244; 
1777.000000; 2552; 1921786; 
1778.000000; 1868; 1390861; 
1779.000000; 2920; 2184190; 
1780.000000; 2231; 1668308; 
1781.000000; 2064; 1542599; 
1782.000000; 2949; 2207691; 
1783.000000; 2229; 1663830; 
1784.000000; 2468; 1848770; 
1785.000000; 2184; 1641478; 
1786.000000; 1927; 1427413; 
1787.000000; 2239; 1682196; 
1788.000000; 1818; 1362530; 
1789.000000; 2014; 1516069; 
1790.000000; 2419; 1799578; 
1791.000000; 2594; 1927953; 
1792.000000; 1852; 1385132; 
1793.000000; 2809; 2110631; 
1794.000000; 2709; 2024664; 
1795.000000; 2359; 1778091; 
1796.000000; 2623; 1964213; 
1797.000000; 2284; 1714283; 
1798.000000; 2259; 1692639; 
1799.000000; 2692; 2019408; 
1800.000000; 2216; 1663952; 
1801.000000; 2137; 1600124; 
1802.000000; 2698; 2022029; 
1803.000000; 2576; 1918055; 
1804.000000; 2470; 1847445; 
1805.000000; 1822; 1356317; 
1806.000000; 2477; 1861093; 
1807.000000; 2720; 2024854; 
1808.000000; 2381; 1787231; 
1809.000000; 2030; 1525002; 
1810.000000; 2806; 2105891; 
1811.000000; 1915; 1441097; 
1812.000000; 2698; 2019740; 
1813.000000; 2885; 2169003; 
1814.000000; 2415; 1800581; 
1815.000000; 2471; 1842907; 
1816.000000; 2455; 1843334; 
1817.000000; 2037; 1530611; 
1818.000000; 2571; 1933041; 
1819.000000; 1884; 1409561; 
1820.000000; 2561; 1929497; 
1821.000000; 2608; 1946550; 
1822.000000; 2197; 1639835; 
1823.000000; 2176; 1635381; 
1824.000000; 2052; 1541957; 
1825.000000; 2000; 1496314; 
1826.000000; 2513; 1886859; 
1827.000000; 2950; 2210793; 
1828.000000; 2777; 2072872; 
1829.000000; 2799; 2100663; 
1830.000000; 2414; 1816688; 
1831.000000; 2493; 1867022; 
1832.000000; 2644; 1977294; 
1833.000000; 2289; 1709919; 
1834.000000; 2339; 1751922; 
1835.000000; 2760; 2078679; 
1836.000000; 1961; 1458308; 
1837.000000; 2632; 1956054; 
1838.000000; 2453; 1846702; 
1839.000000; 1991; 1490007; 
1840.000000; 2054; 1533729; 
1841.000000; 2311; 1732537; 
1842.000000; 2762; 2071638; 
1843.000000; 2139; 1613329; 
1844.000000; 1859; 1389489; 
1845.000000; 2947; 2207618; 
1846.000000; 2256; 1692105; 
1847.000000; 1852; 1388226; 
1848.000000; 2456; 1836180; 
1849.000000; 2565; 1915472; 
1850.000000; 2302; 1725278; 
1851.000000; 2502; 1869625; 
1852.000000; 2075; 1549335; 
1853.000000; 2384; 1775277; 
1854.000000; 2768; 2063206; 
1855.000000; 1917; 1434093; 
1856.000000; 1913; 1432747; 
1857.000000; 2456; 1827918; 
1858.000000; 2873; 2161389; 
1859.000000; 2596; 1955045; 
1860.000000; 2617; 1959919; 
1861.000000; 2357; 1773028; 
1862.000000; 2479; 1852497; 
1863.000000; 2753; 2065987; 
1864.000000; 1923; 1444366; 
1865.000000; 2739; 2049476; 
1866.000000; 2954; 2217837; 
1867.000000; 2142; 1596466; 
1868.000000; 2380; 1779810; 
1869.000000; 2145; 1611892; 
1870.000000; 2306; 1740548; 
1871.000000; 2728; 2034581; 
1872.000000; 2922; 2196136; 
1873.000000; 2495; 1870476; 
1874.000000; 1917; 1435933; 
1875.000000; 1863; 1396726; 
1876.000000; 2177; 1627175; 
1877.000000; 2994; 2240611; 
1878.000000; 1909; 1429908; 
1879.000000; 2500; 1882736; 
1880.000000; 2009; 1514593; 
1881.000000; 2565; 1922799; 
1882.000000; 2566; 1922635; 
1883.000000; 1851; 1386662; 
1884.000000; 2953; 2215941; 
1885.000000; 1844; 1385813; 
1886.000000; 2904; 2180971; 
1887.000000; 2749; 2056672; 
1888.000000; 2187; 1630227; 
1889.000000; 2345; 1750725; 
1890.000000; 2390; 1789451; 
1891.000000; 2767; 2074042; 
1892.000000; 2690; 2019490; 
1893.000000; 2897; 2170764; 
1894.000000; 2005; 1508739; 
1895.000000; 1971; 1476746; 
1896.000000; 2666; 2019650; 
1897.000000; 2479; 1850293; 
1898.000000; 2688; 2009142; 
1899.000000; 2433; 1823301; 
1900.000000; 2359; 1760999; 
1901.000000; 2766; 2067757; 
1902.000000; 2922; 2192467; 
1903.000000; 1823; 1362994; 
1904.000000; 1823; 1365287; 
1905.000000; 1896; 1421577; 
1906.000000; 2368; 1775853; 
1907.000000; 2414; 1813186; 
1908.000000; 2863; 2130476; 
1909.000000; 2436; 1827181; 
1910.000000; 2725; 2030257; 
1911.000000; 2500; 1880048; 
1912.000000; 1921; 1426343; 
1913.000000; 2483; 1858173; 
1914.000000; 2600; 1951908; 
1915.000000; 2351; 1752179; 
1916.000000; 2985; 2237218; 
1917.000000; 2910; 2185651; 
1918.000000; 2230; 1666151; 
1919.000000; 2375; 1775302; 
1920.000000; 2918; 2193816; 
1921.000000; 2193; 1646787; 
1922.000000; 2888; 2164219; 
1923.000000; 1824; 1369520; 
1924.000000; 2935; 2204908; 
1925.000000; 2089; 1574745; 
1926.000000; 1812; 1354353; 
1927.000000; 2043; 1531327; 
1928.000000; 2453; 1825875; 
1929.000000; 2032; 1520611; 
1930.000000; 2507; 1893365; 
1931.000000; 2169; 1633981; 
1932.000000; 2532; 1907417; 
1933.000000; 2822; 2125001; 
1934.000000; 2899; 2177526; 
1935.000000; 2323; 1736483; 
1936.000000; 1894; 1419832; 
1937.000000; 2186; 1640218; 
1938.000000; 2265; 1697451; 
1939.000000; 1916; 1423513; 
1940.000000; 2315; 1742874; 
1941.000000; 2145; 1611599; 
1942.000000; 2340; 1743601; 
1943.000000; 2352; 1754807; 
1944.000000; 1899; 1420199; 
1945.000000; 2584; 1940450; 
1946.000000; 2182; 1642039; 
1947.000000; 2268; 1713982; 
1948.000000; 2659; 1995171; 
1949.000000; 2604; 1954329; 
1950.000000; 1842; 1377729; 
1951.000000; 2396; 1787187; 
1952.000000; 2417; 1808220; 
1953.000000; 1937; 1452345; 
1954.000000; 1911; 1432771; 
1955.000000; 2300; 1724799; 
1956.000000; 2323; 1737633; 
1957.000000; 2765; 2067210; 
1958.000000; 2608; 1950073; 
1959.000000; 2478; 1859662; 
1960.000000; 2724; 2035420; 
1961.000000; 2993; 2247010; 
1962.000000; 2044; 1540229; 
1963.000000; 1881; 1404086; 
1964.000000; 2037; 1518103; 
1965.000000; 2821; 2118325; 
1966.000000; 1896; 1415709; 
1967.000000; 2289; 1717463; 
1968.000000; 2939; 2212623; 
1969.000000; 2313; 1726937; 
1970.000000; 1808; 1356437; 
1971.000000; 2813; 2103894; 
1972.000000; 2118; 1591210; 
1973.000000; 2065; 1537464; 
1974.000000; 2057; 1537452; 
1975.000000; 2409; 1797818; 
1976.000000; 1964; 1475993; 
1977.000000; 2981; 2229319; 
1978.000000; 2208; 1648274; 
1979.000000; 1885; 1402132; 
1980.000000; 2591; 1943321; 
1981.000000; 2968; 2210239; 
1982.000000; 1837; 1372318; 
1983.000000; 2668; 2001147; 
1984.000000; 1864; 1393555; 
1985.000000; 2235; 1680859; 
1986.000000; 1982; 1478882; 
1987.000000; 2889; 2157208; 
1988.000000; 2296; 1728836; 
1989.000000; 1828; 1375513; 
1990.000000; 2707; 2023667; 
1991.000000; 1942; 1456024; 
1992.000000; 2126; 1592455; 
1993.000000; 1875; 1407371; 
1994.000000; 2174; 1637535; 
1995.000000; 2032; 1533061; 
1996.000000; 2219; 1654957; 
1997.000000; 2433; 1820844; 
1998.000000; 2633; 1966443; 
1999.000000; 2705; 2031423; 
2000.000000; 2284; 1709957; 
2001.000000; 2986; 2241395; 
2002.000000; 1821; 1367937; 
2003.000000; 2107; 1569700; 
2004.000000; 2689; 2014514; 
2005.000000; 2171; 1619210; 
2006.000000; 2082; 1554601; 
2007.000000; 2871; 2147911; 
2008.000000; 2226; 1668822; 
2009.000000; 2649; 1984904; 
2010.000000; 2369; 1783736; 
2011.000000; 2335; 1745977; 
2012.000000; 2444; 1823034; 
2013.000000; 2567; 1919042; 
2014.000000; 2863; 2141208; 
2015.000000; 2417; 1816628; 
2016.000000; 2221; 1663221; 
2017.000000; 2985; 2253080; 
2018.000000; 2204; 1650173; 
2019.000000; 2065; 1557527; 
2020.000000; 2123; 1588979; 
2021.000000; 2014; 1507828; 
2022.000000; 2087; 1564112; 
2023.000000; 2430; 1814221; 
2024.000000; 1861; 1398933; 
2025.000000; 2976; 2240142; 
2026.000000; 2802; 2088696; 
2027.000000; 2143; 1599081; 
2028.000000; 2000; 1496431; 
2029.000000; 2586; 1927238; 
2030.000000; 2398; 1806733; 
2031.000000; 2782; 2084605; 
2032.000000; 1946; 1468321; 
2033.000000; 2515; 1897654; 
2034.000000; 2118; 1597656; 
2035.000000; 2885; 2162769; 
2036.000000; 2174; 1634840; 
2037.000000; 1891; 1410519; 
2038.000000; 2438; 1826881; 
2039.000000; 2095; 1576205; 
2040.000000; 2312; 1740337; 
2041.000000; 2465; 1842093; 
2042.000000; 2170; 1612872; 
2043.000000; 2290; 1703334; 
2044.000000; 2648; 1990447; 
2045.000000; 1851; 1391981; 
2046.000000; 2616; 1948395; 
2047.000000; 2225; 1673180; 
2048.000000; 2491; 1875015; 
2049.000000; 2068; 1543202; 
2050.000000; 2546; 1915261; 
2051.000000; 2350; 1751095; 
2052.000000; 2569; 1922485; 
2053.000000; 2149; 1626568; 
2054.000000; 2966; 2239372; 
2055.000000; 1950; 1456946; 
2056.000000; 1817; 1356592; 
2057.000000; 1817; 1354144; 
2058.000000; 2351; 1775755; 
2059.000000; 1954; 1478378; 
2060.000000; 1864; 1398038; 
2061.000000; 2619; 1967996; 
2062.000000; 1999; 1497722; 
2063.000000; 2434; 1818664; 
2064.000000; 2489; 1861927; 
2065.000000; 2540; 1901960; 
2066.000000; 2405; 1814929; 
2067.000000; 2970; 2235265; 
2068.000000; 1848; 1379999; 
2069.000000; 2831; 2136459; 
2070.000000; 2360; 1766207; 
2071.000000; 1820; 1359957; 
2072.000000; 2709; 2031811; 
2073.000000; 2987; 2222732; 
2074.000000; 2268; 1696364; 
2075.000000; 2285; 1729108; 
2076.000000; 2040; 1516691; 
2077.000000; 2104; 1572296; 
2078.000000; 2158; 1613798; 
2079.000000; 2020; 1512858; 
2080.000000; 2792; 2091671; 
2081.000000; 2226; 1676834; 
2082.000000; 1809; 1356798; 
2083.000000; 2226; 1672736; 
2084.000000; 2967; 2226176; 
2085.000000; 2415; 1815428; 
2086.000000; 2256; 1693366; 
2087.000000; 2697; 2017239; 
2088.000000; 2048; 1532808; 
2089.000000; 2718; 2045973; 
2090.000000; 2631; 1975066; 
2091.000000; 1857; 1392024; 
2092.000000; 2922; 2193093; 
2093.000000; 2769; 2079837; 
2094.000000; 2461; 1843985; 
2095.000000; 2307; 1726636; 
2096.000000; 2082; 1562595; 
2097.000000; 2819; 2103800; 
2098.000000; 2044; 1533104; 
2099.000000; 2302; 1740352; 
2100.000000; 2470; 1857463; 
2101.000000; 2646; 1972116; 
2102.000000; 2325; 1738712; 
2103.000000; 2890; 2149482; 
2104.000000; 2956; 2211241; 
2105.000000; 2870; 2146971; 
2106.000000; 2093; 1568414; 
2107.000000; 2708; 2029932; 
2108.000000; 2109; 1583435; 
2109.000000; 2613; 1958966; 
2110.000000; 2958; 2197383; 
2111.000000; 2252; 1692956; 
2112.000000; 2777; 2078334; 
2113.000000; 2146; 1613385; 
2114.000000; 1821; 1370467; 
2115.000000; 2365; 1769939; 
2116.000000; 2693; 2010833; 
2117.000000; 2044; 1529224; 
2118.000000; 2553; 1910112; 
2119.000000; 2084; 1565796; 
2120.000000; 2458; 1849664; 
2121.000000; 1869; 1400086; 
2122.000000; 2905; 2171011; 
2123.000000; 2335; 1759250; 
2124.000000; 1925; 1448249; 
2125.000000; 2141; 1605771; 
2126.000000; 2378; 1794907; 
2127.000000; 2537; 1911181; 
2128.000000; 2940; 2214198; 
2129.000000; 2057; 1537270; 
2130.000000; 2078; 1570152; 
2131.000000; 1906; 1434708; 
2132.000000; 2684; 2006158; 
2133.000000; 2971; 2222923; 
2134.000000; 2928; 2208051; 
2135.000000; 1949; 1473247; 
2136.000000; 2214; 1667360; 
2137.000000; 2334; 1754499; 
2138.000000; 2014; 1506097; 
2139.000000; 2003; 1504947; 
2140.000000; 2133; 1604574; 
2141.000000; 2805; 2114008; 
2142.000000; 2668; 2012177; 
2143.000000; 2930; 2203433; 
2144.000000; 2428; 1820907; 
2145.000000; 2566; 1912583; 
2146.000000; 2998; 2247426; 
2147.000000; 2005; 1490178; 
2148.000000; 2889; 2149314; 
2149.000000; 2825; 2117849; 
2150.000000; 2969; 2212746; 
2151.000000; 1970; 1475478; 
2152.000000; 2701; 2010437; 
2153.000000; 2384; 1791679; 
2154.000000; 2659; 1993685; 
2155.000000; 1960; 1476230; 
2156.000000; 1887; 1409520; 
2157.000000; 2220; 1673969; 
2158.000000; 2610; 1956790; 
2159.000000; 2769; 2064482; 
2160.000000; 2395; 1797901; 
2161.000000; 2506; 1880737; 
2162.000000; 2654; 1997780; 
2163.000000; 2580; 1942658; 
2164.000000; 2844; 2123375; 
2165.000000; 2905; 2162796; 
2166.000000; 2327; 1722438; 
2167.000000; 2390; 1788895; 
2168.000000; 1976; 1468776; 
2169.000000; 2903; 2171507; 
2170.000000; 2915; 2198417; 
2171.000000; 2718; 2022034; 
2172.000000; 2441; 1831010; 
2173.000000; 2917; 2188005; 
2174.000000; 2191; 1648833; 
2175.000000; 2559; 1916856; 
2176.000000; 2798; 2094998; 
2177.000000; 1904; 1438856; 
2178.000000; 2936; 2207488; 
2179.000000; 2920; 2199651; 
2180.000000; 2583; 1930976; 
2181.000000; 2892; 2174031; 
2182.000000; 2434; 1825784; 
2183.000000; 2545; 1910937; 
2184.000000; 2505; 1871048; 
2185.000000; 2317; 1736068; 
2186.000000; 2128; 1609632; 
2187.000000; 2770; 2072811; 
2188.000000; 2896; 2168310; 
2189.000000; 2061; 1549565; 
2190.000000; 2073; 1552933; 
2191.000000; 2479; 1855233; 
2192.000000; 2177; 1631074; 
2193.000000; 2822; 2107812; 
2194.000000; 2342; 1757914; 
2195.000000; 2166; 1629802; 
2196.000000; 1886; 1409119; 
2197.000000; 2560; 1915368; 
2198.000000; 2754; 2056641; 
2199.000000; 2948; 2214152; 
2200.000000; 2005; 1510977; 
2201.000000; 2857; 2128682; 
2202.000000; 2365; 1776144; 
2203.000000; 2070; 1546547; 
2204.000000; 2322; 1739484; 
2205.000000; 2957; 2223433; 
2206.000000; 1828; 1365671; 
2207.000000; 2263; 1698871; 
2208.000000; 1818; 1370324; 
2209.000000; 2880; 2159131; 
2210.000000; 2999; 2252632; 
2211.000000; 2157; 1617336; 
2212.000000; 1905; 1418376; 
2213.000000; 2139; 1590031; 
2214.000000; 2100; 1559856; 
2215.000000; 2139; 1618924; 
2216.000000; 2439; 1821754; 
2217.000000; 2796; 2083271; 
2218.000000; 2098; 1568665; 
2219.000000; 2318; 1739707; 
2220.000000; 2782; 2084931; 
2221.000000; 2079; 1558068; 
2222.000000; 2479; 1859182; 
2223.000000; 2212; 1640525; 
2224.000000; 2904; 2166209; 
2225.000000; 2842; 2130102; 
2226.000000; 2671; 2020667; 
2227.000000; 1860; 1382305; 
2228.000000; 2769; 2071518; 
2229.000000; 1812; 1360280; 
2230.000000; 2822; 2120301; 
2231.000000; 2649; 1978345; 
2232.000000; 2341; 1750114; 
2233.000000; 2993; 2248607; 
2234.000000; 2440; 1829660; 
2235.000000; 2508; 1884492; 
2236.000000; 2976; 2227221; 
2237.000000; 2917; 2187740; 
2238.000000; 2363; 1763356; 
2239.000000; 2440; 1835400; 
2240.000000; 2520; 1888577; 
2241.000000; 1821; 1356745; 
2242.000000; 2720; 2045149; 
2243.000000; 2469; 1840690; 
2244.000000; 2500; 1879827; 
2245.000000; 2556; 1908871; 
2246.000000; 2201; 1661069; 
2247.000000; 2912; 2181169; 
2248.000000; 2725; 2032813; 
2249.000000; 2654; 1991801; 
2250.000000; 2297; 1726267; 
2251.000000; 2089; 1567666; 
2252.000000; 2200; 1649462; 
2253.000000; 2358; 1759445; 
2254.000000; 2212; 1650922; 
2255.000000; 1859; 1398070; 
2256.000000; 2401; 1802793; 
2257.000000; 2638; 1972371; 
2258.000000; 1824; 1369553; 
2259.000000; 2481; 1844514; 
2260.000000; 2178; 1643931; 
2261.000000; 2899; 2170403; 
2262.000000; 2513; 1900836; 
2263.000000; 1921; 1444588; 
2264.000000; 2829; 2124050; 
2265.000000; 1889; 1432498; 
2266.000000; 2045; 1526444; 
2267.000000; 1995; 1487205; 
2268.000000; 2289; 1708128; 
2269.000000; 2603; 1945962; 
2270.000000; 2702; 2020268; 
2271.000000; 2136; 1600223; 
2272.000000; 2347; 1762958; 
2273.000000; 1866; 1400433; 
2274.000000; 1819; 1359832; 
2275.000000; 2746; 2066532; 
2276.000000; 2539; 1903399; 
2277.000000; 2605; 1958229; 
2278.000000; 2280; 1714574; 
2279.000000; 2326; 1740485; 
2280.000000; 2197; 1641244; 
2281.000000; 1825; 1371811; 
2282.000000; 2580; 1938410; 
2283.000000; 2140; 1598565; 
2284.000000; 2421; 1816569; 
2285.000000; 2594; 1946299; 
2286.000000; 1837; 1371386; 
2287.000000; 2201; 1644435; 
2288.000000; 2981; 2244347; 
2289.000000; 2318; 1737605; 
2290.000000; 2730; 2045968; 
2291.000000; 2137; 1602166; 
2292.000000; 2830; 2134847; 
2293.000000; 1916; 1428200; 
2294.000000; 2357; 1761606; 
2295.000000; 2478; 1864445; 
2296.000000; 2716; 2038434; 
2297.000000; 2782; 2085051; 
2298.000000; 2529; 1901146; 
2299.000000; 2004; 1503775; 
2300.000000; 2070; 1551256; 
2301.000000; 2041; 1538247; 
2302.000000; 2471; 1849014; 
2303.000000; 2769; 2076928; 
2304.000000; 1891; 1411769; 
2305.000000; 2105; 1583947; 
2306.000000; 2228; 1678276; 
2307.000000; 2270; 1710003; 
2308.000000; 2221; 1661847; 
2309.000000; 1950; 1456910; 
2310.000000; 2236; 1683613; 
2311.000000; 2012; 1514081; 
2312.000000; 1855; 1375794; 
2313.000000; 2007; 1493087; 
2314.000000; 1833; 1365347; 
2315.000000; 2203; 1648296; 
2316.000000; 2511; 1880172; 
2317.000000; 1807; 1363592; 
2318.000000; 2671; 1990424; 
2319.000000; 2350; 1761047; 
2320.000000; 2723; 2024592; 
2321.000000; 2214; 1654619; 
2322.000000; 2372; 1777024; 
2323.000000; 2334; 1764846; 
2324.000000; 2418; 1817884; 
2325.000000; 2642; 1986515; 
2326.000000; 1810; 1359491; 
2327.000000; 2660; 1979321; 
2328.000000; 2779; 2060830; 
2329.000000; 2035; 1524791; 
2330.000000; 2219; 1658316; 
2331.000000; 2340; 1762865; 
2332.000000; 2690; 2036457; 
2333.000000; 2761; 2072983; 
2334.000000; 1935; 1444163; 
2335.000000; 2974; 2225672; 
2336.000000; 1990; 1493195; 
2337.000000; 2972; 2219707; 
2338.000000; 2024; 1506228; 
2339.000000; 2669; 1984526; 
2340.000000; 2735; 2059761; 
2341.000000; 2944; 2200448; 
2342.000000; 1831; 1372319; 
2343.000000; 2121; 1591233; 
2344.000000; 2807; 2104839; 
2345.000000; 2283; 1712790; 
2346.000000; 2465; 1850190; 
2347.000000; 1949; 1465503; 
2348.000000; 2616; 1956566; 
2349.000000; 2678; 1991345; 
2350.000000; 2510; 1881289; 
2351.000000; 2835; 2134006; 
2352.000000; 2231; 1665496; 
2353.000000; 2038; 1524980; 
2354.000000; 2782; 2087939; 
2355.000000; 2354; 1765889; 
2356.000000; 2103; 1571971; 
2357.000000; 2700; 2027619; 
2358.000000; 2360; 1763670; 
2359.000000; 2538; 1891157; 
2360.000000; 2106; 1566775; 
2361.000000; 2138; 1614844; 
2362.000000; 1853; 1399218; 
2363.000000; 2766; 2075988; 
2364.000000; 2621; 1968664; 
2365.000000; 2518; 1878136; 
2366.000000; 2915; 2196386; 
2367.000000; 2792; 2077697; 
2368.000000; 2099; 1572139; 
2369.000000; 2774; 2078602; 
2370.000000; 2038; 1528735; 
2371.000000; 2827; 2117005; 
2372.000000; 2310; 1727553; 
2373.000000; 2729; 2033182; 
2374.000000; 2409; 1816406; 
2375.000000; 2864; 2150905; 
2376.000000; 2155; 1613137; 
2377.000000; 2712; 2028888; 
2378.000000; 2862; 2148639; 
2379.000000; 1875; 1407093; 
2380.000000; 2181; 1631022; 
2381.000000; 2519; 1877283; 
2382.000000; 2671; 2007483; 
2383.000000; 1877; 1406789; 
2384.000000; 2930; 2194201; 
2385.000000; 2731; 2055359; 
2386.000000; 2400; 1800110; 
2387.000000; 2969; 2229130; 
2388.000000; 2516; 1881897; 
2389.000000; 2497; 1873765; 
2390.000000; 2041; 1530931; 
2391.000000; 2784; 2087453; 
2392.000000; 2970; 2217459; 
2393.000000; 2023; 1504349; 
2394.000000; 2258; 1678291; 
2395.000000; 2533; 1896746; 
2396.000000; 2333; 1745100; 
2397.000000; 2660; 1992891; 
2398.000000; 2479; 1854686; 
2399.000000; 2715; 2032521; 
2400.000000; 1966; 1480084; 
2401.000000; 2729; 2042531; 
2402.000000; 1891; 1419171; 
2403.000000; 2104; 1568448; 
2404.000000; 2654; 1993724; 
2405.000000; 2263; 1692730; 
2406.000000; 2879; 2171958; 
2407.000000; 2803; 2094365; 
2408.000000; 2300; 1720114; 
2409.000000; 2950; 2202266; 
2410.000000; 2608; 1951044; 
2411.000000; 2032; 1526604; 
2412.000000; 2878; 2160698; 
2413.000000; 2174; 1634906; 
2414.000000; 2587; 1938092; 
2415.000000; 2783; 2083263; 
2416.000000; 2474; 1863437; 
2417.000000; 2379; 1779751; 
2418.000000; 2613; 1955683; 
2419.000000; 2567; 1911992; 
2420.000000; 2704; 2011691; 
2421.000000; 2965; 2208012; 
2422.000000; 2871; 2144705; 
2423.000000; 1917; 1444244; 
2424.000000; 2229; 1669333; 
2425.000000; 2380; 1787694; 
2426.000000; 2511; 1884440; 
2427.000000; 2289; 1715705; 
2428.000000; 2353; 1769924; 
2429.000000; 2362; 1762546; 
2430.000000; 1922; 1444638; 
2431.000000; 2585; 1942294; 
2432.000000; 2959; 2213135; 
2433.000000; 2328; 1745286; 
2434.000000; 1894; 1426366; 
2435.000000; 1828; 1360424; 
2436.000000; 2907; 2182909; 
2437.000000; 2641; 1963439; 
2438.000000; 2367; 1764237; 
2439.000000; 2168; 1622933; 
2440.000000; 2195; 1651562; 
2441.000000; 2022; 1520181; 
2442.000000; 1876; 1408675; 
2443.000000; 2469; 1842571; 
2444.000000; 2958; 2223581; 
2445.000000; 2320; 1746620; 
2446.000000; 2821; 2125331; 
2447.000000; 2216; 1657232; 
2448.000000; 2597; 1950219; 
2449.000000; 2310; 1726619; 
2450.000000; 2625; 1969534; 
2451.000000; 2408; 1811187; 
2452.000000; 1912; 1428523; 
2453.000000; 2976; 2230609; 
2454.000000; 2280; 1706407; 
2455.000000; 2660; 1991540; 
2456.000000; 2978; 2227415; 
2457.000000; 2316; 1728853; 
2458.000000; 2823; 2116834; 
2459.000000; 2602; 1942383; 
2460.000000; 2036; 1521010; 
2461.000000; 2951; 2215435; 
2462.000000; 2677; 2010356; 
2463.000000; 1816; 1358495; 
2464.000000; 2701; 2024744; 
2465.000000; 1805; 1348615; 
2466.000000; 1951; 1464729; 
2467.000000; 2971; 2229773; 
2468.000000; 2927; 2189560; 
2469.000000; 2228; 1678307; 
2470.000000; 1890; 1415028; 
2471.000000; 2586; 1935583; 
2472.000000; 2596; 1946001; 
2473.000000; 2280; 1696788; 
2474.000000; 2710; 2037839; 
2475.000000; 2072; 1551021; 
2476.000000; 2983; 2228993; 
2477.000000; 2301; 1730556; 
2478.000000; 2743; 2049723; 
2479.000000; 2815; 2108251; 
2480.000000; 2130; 1594300; 
2481.000000; 2318; 1749968; 
2482.000000; 2469; 1852055; 
2483.000000; 2478; 1851707; 
2484.000000; 2921; 2177342; 
2485.000000; 2882; 2155344; 
2486.000000; 2720; 2029210; 
2487.000000; 2227; 1663145; 
2488.000000; 2972; 2228652; 
2489.000000; 2412; 1802674; 
2490.000000; 2892; 2163678; 
2491.000000; 1875; 1395466; 
2492.000000; 1993; 1496040; 
2493.000000; 2146; 1607666; 
2494.000000; 1857; 1385047; 
2495.000000; 2648; 1969833; 
2496.000000; 1954; 1467019; 
2497.000000; 2873; 2163977; 
2498.000000; 2380; 1781725; 
2499.000000; 2284; 1696493; 
2500.000000; 2718; 2027095; 
2501.000000; 2128; 1586631; 
2502.000000; 1900; 1420074; 
2503.000000; 2157; 1609175; 
2504.000000; 2418; 1803071; 
2505.000000; 2279; 1718832; 
2506.000000; 2475; 1849320; 
2507.000000; 2881; 2167103; 
2508.000000; 2278; 1704182; 
2509.000000; 2705; 2019937; 
2510.000000; 2681; 2009906; 
2511.000000; 2365; 1781144; 
2512.000000; 1870; 1418782; 
2513.000000; 2602; 1952041; 
2514.000000; 1945; 1459668; 
2515.000000; 2796; 2095725; 
2516.000000; 2853; 2142788; 
2517.000000; 2603; 1937918; 
2518.000000; 1878; 1413218; 
2519.000000; 2796; 2097220; 
2520.000000; 1895; 1407602; 
2521.000000; 2856; 2148902; 
2522.000000; 2914; 2178770; 
2523.000000; 2516; 1898972; 
2524.000000; 1995; 1496292; 
2525.000000; 2868; 2143349; 
2526.000000; 2991; 2244133; 
2527.000000; 1892; 1416892; 
2528.000000; 1892; 1432599; 
2529.000000; 2297; 1715005; 
2530.000000; 2177; 1635130; 
2531.000000; 2945; 2223210; 
2532.000000; 2781; 2087875; 
2533.000000; 2338; 1739635; 
2534.000000; 2838; 2129544; 
2535.000000; 2156; 1614638; 
2536.000000; 2109; 1573872; 
2537.000000; 2367; 1772601; 
2538.000000; 2183; 1635431; 
2539.000000; 2776; 2081240; 
2540.000000; 1822; 1371965; 
2541.000000; 2205; 1642557; 
2542.000000; 2400; 1802543; 
2543.000000; 2222; 1660427; 
2544.000000; 1890; 1424837; 
2545.000000; 2521; 1889429; 
2546.000000; 2616; 1964731; 
2547.000000; 2106; 1584545; 
2548.000000; 2451; 1844617; 
2549.000000; 2989; 2222620; 
2550.000000; 2089; 1562603; 
2551.000000; 2016; 1513123; 
2552.000000; 2657; 1998996; 
2553.000000; 1960; 1467876; 
2554.000000; 2616; 1953041; 
2555.000000; 2786; 2097987; 
2556.000000; 2256; 1707206; 
2557.000000; 2468; 1848293; 
2558.000000; 2030; 1520179; 
2559.000000; 1876; 1393205; 
2560.000000; 2890; 2181782; 
2561.000000; 2466; 1846053; 
2562.000000; 2018; 1524071; 
2563.000000; 2669; 2000422; 
2564.000000; 2410; 1803987; 
2565.000000; 1811; 1355384; 
2566.000000; 2699; 2023761; 
2567.000000; 2078; 1538920; 
2568.000000; 2749; 2053200; 
2569.000000; 1823; 1369257; 
2570.000000; 1964; 1478055; 
2571.000000; 2950; 2220961; 
2572.000000; 1880; 1417347; 
2573.000000; 2970; 2236006; 
2574.000000; 2748; 2055238; 
2575.000000; 2150; 1602150; 
2576.000000; 2977; 2226840; 
2577.000000; 2368; 1781986; 
2578.000000; 2548; 1912795; 
2579.000000; 2623; 1964035; 
2580.000000; 2129; 1586586; 
2581.000000; 2996; 2242235; 
2582.000000; 2340; 1761090; 
2583.000000; 2234; 1680548; 
2584.000000; 2335; 1758754; 
2585.000000; 2301; 1731820; 
2586.000000; 2921; 2187736; 
2587.000000; 2956; 2205256; 
2588.000000; 2259; 1689047; 
2589.000000; 1906; 1420102; 
2590.000000; 2157; 1630963; 
2591.000000; 2680; 2011329; 
2592.000000; 2674; 2021694; 
2593.000000; 2397; 1796224; 
2594.000000; 2544; 1915937; 
2595.000000; 2772; 2085008; 
2596.000000; 2294; 1723227; 
2597.000000; 2079; 1557693; 
2598.000000; 1997; 1500343; 
2599.000000; 2539; 1917013; 
2600.000000; 2151; 1611310; 
2601.000000; 2115; 1581922; 
2602.000000; 2686; 2010618; 
2603.000000; 2616; 1974099; 
2604.000000; 2282; 1702900; 
2605.000000; 2505; 1871774; 
2606.000000; 1829; 1370102; 
2607.000000; 2149; 1605351; 
2608.000000; 2611; 1953421; 
2609.000000; 2186; 1640306; 
2610.000000; 2107; 1578089; 
2611.000000; 2704; 2033623; 
2612.000000; 2188; 1644503; 
2613.000000; 2545; 1913822; 
2614.000000; 2683; 2019602; 
2615.000000; 2083; 1561248; 
2616.000000; 2047; 1533091; 
2617.000000; 2362; 1755220; 
2618.000000; 2614; 1965169; 
2619.000000; 1897; 1415446; 
2620.000000; 2559; 1925172; 
2621.000000; 2425; 1818090; 
2622.000000; 2636; 1979022; 
2623.000000; 1905; 1427078; 
2624.000000; 2776; 2071190; 
2625.000000; 2952; 2206230; 
2626.000000; 2097; 1563046; 
2627.000000; 1940; 1446912; 
2628.000000; 2126; 1600940; 
2629.000000; 1959; 1474999; 
2630.000000; 2751; 2075857; 
2631.000000; 2512; 1891111; 
2632.000000; 2266; 1699881; 
2633.000000; 2395; 1794282; 
2634.000000; 2784; 2080801; 
2635.000000; 2470; 1838493; 
2636.000000; 2999; 2256890; 
2637.000000; 2753; 2056990; 
2638.000000; 2205; 1657511; 
2639.000000; 1866; 1410768; 
2640.000000; 1963; 1474868; 
2641.000000; 2324; 1730050; 
2642.000000; 2820; 2110421; 
2643.000000; 1896; 1420133; 
2644.000000; 2612; 1963094; 
2645.000000; 2391; 1791794; 
2646.000000; 2705; 2029642; 
2647.000000; 2952; 2208883; 
2648.000000; 2283; 1705565; 
2649.000000; 2898; 2172909; 
2650.000000; 2104; 1564946; 
2651.000000; 2756; 2059379; 
2652.000000; 2451; 1829005; 
2653.000000; 2243; 1689840; 
2654.000000; 2129; 1604179; 
2655.000000; 2557; 1917948; 
2656.000000; 2931; 2189962; 
2657.000000; 2166; 1616886; 
2658.000000; 1877; 1403577; 
2659.000000; 1882; 1410131; 
2660.000000; 2406; 1797601; 
2661.000000; 2633; 1974227; 
2662.000000; 1827; 1372660; 
2663.000000; 2418; 1813053; 
2664.000000; 2302; 1724932; 
2665.000000; 2292; 1716900; 
2666.000000; 2785; 2081334; 
2667.000000; 2819; 2117351; 
2668.000000; 1952; 1452192; 
2669.000000; 2131; 1592745; 
2670.000000; 2908; 2185001; 
2671.000000; 2782; 2081270; 
2672.000000; 2852; 2149808; 
2673.000000; 2853; 2131887; 
2674.000000; 2503; 1883367; 
2675.000000; 2265; 1703839; 
2676.000000; 1929; 1439304; 
2677.000000; 2581; 1930956; 
2678.000000; 2347; 1757172; 
2679.000000; 2178; 1623960; 
2680.000000; 2954; 2220485; 
2681.000000; 2574; 1930721; 
2682.000000; 1872; 1405623; 
2683.000000; 2981; 2232245; 
2684.000000; 2171; 1618514; 
2685.000000; 2674; 2007980; 
2686.000000; 2384; 1787323; 
2687.000000; 2715; 2040563; 
2688.000000; 2872; 2154429; 
2689.000000; 2464; 1847568; 
2690.000000; 1876; 1407389; 
2691.000000; 2511; 1875407; 
2692.000000; 2222; 1660068; 
2693.000000; 2889; 2161076; 
2694.000000; 2077; 1563323; 
2695.000000; 2961; 2217471; 
2696.000000; 2509; 1872784; 
2697.000000; 2448; 1840310; 
2698.000000; 2374; 1774408; 
2699.000000; 2260; 1702875; 
2700.000000; 2279; 1707836; 
2701.000000; 2128; 1606732; 
2702.000000; 2297; 1717277; 
2703.000000; 2763; 2086699; 
2704.000000; 2626; 1960927; 
2705.000000; 1892; 1416394; 
2706.000000; 2919; 2191293; 
2707.000000; 2765; 2086397; 
2708.000000; 2361; 1764587; 
2709.000000; 2495; 1872280; 
2710.000000; 2805; 2098721; 
2711.000000; 2093; 1560763; 
2712.000000; 2743; 2063132; 
2713.000000; 2333; 1743629; 
2714.000000; 1933; 1449072; 
2715.000000; 2480; 1862214; 
2716.000000; 2487; 1867186; 
2717.000000; 2912; 2187380; 
2718.000000; 2697; 2026207; 
2719.000000; 2594; 1939366; 
2720.000000; 2321; 1747394; 
2721.000000; 2181; 1634242; 
2722.000000; 2067; 1537342; 
2723.000000; 2228; 1673051; 
2724.000000; 2497; 1874911; 
2725.000000; 2122; 1584129; 
2726.000000; 2994; 2226906; 
2727.000000; 2186; 1636690; 
2728.000000; 2948; 2211378; 
2729.000000; 1866; 1401736; 
2730.000000; 2645; 1972262; 
2731.000000; 2561; 1913477; 
2732.000000; 2605; 1954747; 
2733.000000; 2938; 2213129; 
2734.000000; 2502; 1873950; 
2735.000000; 2635; 1964538; 
2736.000000; 2180; 1642902; 
2737.000000; 2110; 1574749; 
2738.000000; 2905; 2170159; 
2739.000000; 1978; 1481091; 
2740.000000; 1972; 1473350; 
2741.000000; 2996; 2249083; 
2742.000000; 2294; 1719964; 
2743.000000; 2950; 2213551; 
2744.000000; 2189; 1645406; 
2745.000000; 2839; 2130992; 
2746.000000; 1989; 1492394; 
2747.000000; 2222; 1656442; 
2748.000000; 2794; 2100910; 
2749.000000; 2775; 2082565; 
2750.000000; 2924; 2187248; 
2751.000000; 2494; 1868753; 
2752.000000; 2399; 1782896; 
2753.000000; 2874; 2140650; 
2754.000000; 2709; 2028805; 
2755.000000; 2104; 1569034; 
2756.000000; 1854; 1395519; 
2757.000000; 2033; 1527280; 
2758.000000; 2512; 1881745; 
2759.000000; 2947; 2213191; 
2760.000000; 2205; 1656853; 
2761.000000; 2122; 1587485; 
2762.000000; 2301; 1743250; 
2763.000000; 2742; 2060635; 
2764.000000; 2971; 2230541; 
2765.000000; 2030; 1515250; 
2766.000000; 1893; 1413872; 
2767.000000; 2860; 2150866; 
2768.000000; 2004; 1500357; 
2769.000000; 2666; 1997970; 
2770.000000; 2105; 1574752; 
2771.000000; 2524; 1904994; 
2772.000000; 2858; 2137217; 
2773.000000; 2242; 1675467; 
2774.000000; 2304; 1730138; 
2775.000000; 2753; 2047256; 
2776.000000; 2153; 1614343; 
2777.000000; 2846; 2127220; 
2778.000000; 1916; 1440324; 
2779.000000; 2074; 1544028; 
2780.000000; 2314; 1737038; 
2781.000000; 1883; 1406536; 
2782.000000; 2716; 2027768; 
2783.000000; 1854; 1389319; 
2784.000000; 2602; 1945340; 
2785.000000; 2265; 1701412; 
2786.000000; 2025; 1515371; 
2787.000000; 2692; 2008465; 
2788.000000; 2467; 1853405; 
2789.000000; 2835; 2110191; 
2790.000000; 2033; 1527395; 
2791.000000; 1828; 1381229; 
2792.000000; 2786; 2077063; 
2793.000000; 2922; 2185682; 
2794.000000; 2946; 2204398; 
2795.000000; 2139; 1614727; 
2796.000000; 2437; 1828334; 
2797.000000; 2223; 1671241; 
2798.000000; 2787; 2107357; 
2799.000000; 2277; 1700853; 
2800.000000; 2108; 1583386; 
2801.000000; 2126; 1595578; 
2802.000000; 2573; 1925649; 
2803.000000; 2003; 1487064; 
2804.000000; 2048; 1537232; 
2805.000000; 2300; 1705950; 
2806.000000; 2670; 1993351; 
2807.000000; 2903; 2160323; 
2808.000000; 2932; 2211413; 
2809.000000; 1962; 1468835; 
2810.000000; 2414; 1807183; 
2811.000000; 2411; 1795588; 
2812.000000; 2297; 1732037; 
2813.000000; 2123; 1591245; 
2814.000000; 2219; 1677356; 
2815.000000; 2637; 1974816; 
2816.000000; 2761; 2067273; 
2817.000000; 2266; 1690254; 
2818.000000; 2427; 1824659; 
2819.000000; 2574; 1937736; 
2820.000000; 2753; 2081758; 
2821.000000; 2032; 1518824; 
2822.000000; 2661; 1988317; 
2823.000000; 1964; 1474242; 
2824.000000; 2945; 2217201; 
2825.000000; 2723; 2050501; 
2826.000000; 1810; 1356980; 
2827.000000; 2224; 1678070; 
2828.000000; 2257; 1689143; 
2829.000000; 2778; 2093703; 
2830.000000; 2881; 2158533; 
2831.000000; 2625; 1963547; 
2832.000000; 2584; 1949100; 
2833.000000; 1937; 1442677; 
2834.000000; 2543; 1905736; 
2835.000000; 2077; 1566144; 
2836.000000; 2821; 2107384; 
2837.000000; 2885; 2165923; 
2838.000000; 2889; 2171000; 
2839.000000; 1901; 1421504; 
2840.000000; 2049; 1540307; 
2841.000000; 2777; 2076255; 
2842.000000; 2281; 1712683; 
2843.000000; 2182; 1636477; 
2844.000000; 2881; 2163559; 
2845.000000; 2575; 1933055; 
2846.000000; 2203; 1642253; 
2847.000000; 1957; 1473848; 
2848.000000; 2627; 1968842; 
2849.000000; 2415; 1816155; 
2850.000000; 1874; 1401779; 
2851.000000; 2233; 1682134; 
2852.000000; 2011; 1509467; 
2853.000000; 2976; 2219070; 
2854.000000; 2288; 1720573; 
2855.000000; 2090; 1552626; 
2856.000000; 2013; 1504332; 
2857.000000; 2095; 1574502; 
2858.000000; 1987; 1486814; 
2859.000000; 2196; 1638250; 
2860.000000; 2236; 1660943; 
2861.000000; 2032; 1524021; 
2862.000000; 2717; 2033950; 
2863.000000; 1823; 1362921; 
2864.000000; 2904; 2172449; 
2865.000000; 2065; 1540210; 
2866.000000; 2358; 1759282; 
2867.000000; 2223; 1660413; 
2868.000000; 2086; 1556097; 
2869.000000; 2838; 2133097; 
2870.000000; 2923; 2196488; 
2871.000000; 1843; 1391666; 
2872.000000; 2486; 1876449; 
2873.000000; 2997; 2244679; 
2874.000000; 2919; 2188388; 
2875.000000; 2681; 2017779; 
2876.000000; 2048; 1531929; 
2877.000000; 2971; 2219091; 
2878.000000; 2261; 1689284; 
2879.000000; 1943; 1451266; 
2880.000000; 2339; 1745445; 
2881.000000; 2819; 2111355; 
2882.000000; 2225; 1672237; 
2883.000000; 2216; 1653637; 
2884.000000; 2439; 1831783; 
2885.000000; 2348; 1751370; 
2886.000000; 2895; 2183040; 
2887.000000; 2337; 1758265; 
2888.000000; 2666; 1990828; 
2889.000000; 1962; 1474790; 
2890.000000; 2061; 1549664; 
2891.000000; 1902; 1427514; 
2892.000000; 1880; 1407278; 
2893.000000; 2386; 1781971; 
2894.000000; 2822; 2114684; 
2895.000000; 2904; 2177179; 
2896.000000; 2727; 2034291; 
2897.000000; 2104; 1579041; 
2898.000000; 2205; 1663879; 
2899.000000; 1859; 1393901; 
2900.000000; 2407; 1798466; 
2901.000000; 2256; 1690743; 
2902.000000; 2945; 2201706; 
2903.000000; 1864; 1391084; 
2904.000000; 2011; 1507417; 
2905.000000; 2338; 1753037; 
2906.000000; 2027; 1518117; 
2907.000000; 2273; 1700186; 
2908.000000; 2440; 1830807; 
2909.000000; 1860; 1388642; 
2910.000000; 2353; 1765591; 
2911.000000; 2319; 1743685; 
2912.000000; 1929; 1444934; 
2913.000000; 2905; 2196064; 
2914.000000; 2906; 2176295; 
2915.000000; 2951; 2208253; 
2916.000000; 2381; 1781514; 
2917.000000; 2369; 1765119; 
2918.000000; 2945; 2203008; 
2919.000000; 2258; 1688964; 
2920.000000; 2257; 1693696; 
2921.000000; 2364; 1775614; 
2922.000000; 2562; 1917712; 
2923.000000; 2208; 1651967; 
2924.000000; 2769; 2068139; 
2925.000000; 2622; 1972279; 
2926.000000; 2480; 1864127; 
2927.000000; 2025; 1518572; 
2928.000000; 1826; 1368540; 
2929.000000; 2326; 1746349; 
2930.000000; 2090; 1565980; 
2931.000000; 2037; 1523979; 
2932.000000; 2865; 2126857; 
2933.000000; 2317; 1730374; 
2934.000000; 2510; 1892130; 
2935.000000; 2377; 1774349; 
2936.000000; 1977; 1476335; 
2937.000000; 2810; 2088940; 
2938.000000; 2297; 1725565; 
2939.000000; 1851; 1390139; 
2940.000000; 1816; 1360895; 
2941.000000; 2505; 1871428; 
2942.000000; 2247; 1687335; 
2943.000000; 2651; 1999266; 
2944.000000; 2429; 1827568; 
2945.000000; 2078; 1559354; 
2946.000000; 2372; 1773848; 
2947.000000; 2237; 1675216; 
2948.000000; 2885; 2148810; 
2949.000000; 1837; 1382703; 
2950.000000; 1838; 1371571; 
2951.000000; 1869; 1396210; 
2952.000000; 2448; 1836132; 
2953.000000; 2751; 2066838; 
2954.000000; 2866; 2149495; 
2955.000000; 2478; 1849720; 
2956.000000; 2459; 1842082; 
2957.000000; 2164; 1625846; 
2958.000000; 1854; 1393630; 
2959.000000; 2923; 2176698; 
2960.000000; 2563; 1922127; 
2961.000000; 2560; 1926720; 
2962.000000; 2084; 1546095; 
2963.000000; 2117; 1586999; 
2964.000000; 2936; 2192165; 
2965.000000; 2746; 2065256; 
2966.000000; 2189; 1638813; 
2967.000000; 2532; 1888361; 
2968.000000; 2761; 2076846; 
2969.000000; 2092; 1557485; 
2970.000000; 2129; 1592790; 
2971.000000; 1868; 1396836; 
2972.000000; 2777; 2078461; 
2973.000000; 2989; 2256354; 
2974.000000; 2007; 1505051; 
2975.000000; 1812; 1373421; 
2976.000000; 2471; 1855331; 
2977.000000; 2833; 2118868; 
2978.000000; 1945; 1464008; 
2979.000000; 1909; 1426281; 
2980.000000; 2708; 2022113; 
2981.000000; 2354; 1771407; 
2982.000000; 2193; 1630818; 
2983.000000; 1924; 1439378; 
2984.000000; 1903; 1423680; 
2985.000000; 2013; 1508361; 
2986.000000; 2865; 2147420; 
2987.000000; 2305; 1733646; 
2988.000000; 2763; 2068809; 
2989.000000; 2864; 2155009; 
2990.000000; 2634; 1981050; 
2991.000000; 2416; 1813118; 
2992.000000; 2932; 2195564; 
2993.000000; 2266; 1690931; 
2994.000000; 2278; 1716337; 
2995.000000; 2867; 2157132; 
2996.000000; 2949; 2221872; 
2997.000000; 2607; 1961234; 
2998.000000; 2469; 1862427; 
2999.000000; 2401; 1810420; 
3000.000000; 2578; 1919131; 
